site_name,url,bias_rating,factual_reporting_rating
(The) Interpreter Magazine,http://www.interpretermag.com/,-8,HIGH
1600 Daily,https://www.whitehouse.gov/1600daily,26,MIXED
2ndVote,https://2ndvote.com/,29,MIXED
680 News,http://www.680news.com/,-3,HIGH
71 Republic,https://71republic.com/,15,HIGH
9 News (Australia),http://www.9news.com.au/,6,HIGH
ABC News Australia,http://www.abc.net.au/news/,-4,HIGH
ABC News,http://abcnews.go.com/,-13,HIGH
ABC11 Eyewitness News,http://abc11.com/,-11,HIGH
Above the Law,http://abovethelaw.com/,-9,HIGH
ABS-CBN News,http://news.abs-cbn.com/,-5,HIGH
Acculturated,https://acculturated.com,24,HIGH
Accuracy in Academia (AIA),https://www.academia.org,28,MIXED
Accuracy in Media (AIM),http://www.aim.org/,30,MIXED
Act.TV,http://act.tv,-26,HIGH
Acting Man,http://www.acting-man.com/,24,MIXED
Addicting Info,http://addictinginfo.com,-25,MIXED
Advocate,http://www.advocate.com/,-22,HIGH
Aeon,https://aeon.co/,-10,HIGH
Affinity Magazine,http://affinitymagazine.us/,-15,MIXED
AFP (Agence France Presse),https://www.afp.com/en/home,-5,HIGH
Africa News,http://www.africanews.com/,-2,HIGH
African Arguments,http://africanarguments.org/,-12,HIGH
Against Crony Capitialism,https://www.ac2news.com,24,MIXED
Agerpres,https://www.agerpres.ro/english,-1,HIGH
Ahram Online,http://english.ahram.org.eg/,-2,HIGH
Airwars,https://airwars.org/,-1,HIGH
Akkadian Times,http://akkadiantimes.com,-22,HIGH
Akron Beacon Journal,http://www.ohio.com/,-9,HIGH
Al Arabiya,https://english.alarabiya.net/,-3,HIGH
Al Bawaba,http://www.albawaba.com/,-3,HIGH
Al Jazeera,http://www.aljazeera.com/,-8,HIGH
Al Majalla,http://eng.majalla.com/,-4,HIGH
Al Monitor,http://www.al-monitor.com/pulse/home.html,-13,HIGH
Al-Hayat,http://www.alhayat.com/,-13,HIGH
Al-Masdar News (AMN),https://www.almasdarnews.com,-13,MIXED
Al-Sura,https://al-sura.com,-11,MIXED
AL.com (Alabama News),http://www.al.com/,13,HIGH
Alabama Political Reporter,http://www.alreporter.com,1,HIGH
Alabama Today,https://altoday.com/,-2,HIGH
Alan Guttmacher Institute,https://www.guttmacher.org/,-12,HIGH
Alaska Dispatch News,http://www.adn.com/,-10,HIGH
Albany Democrat Herald,http://democratherald.com,-2,HIGH
Albany Times-Union,http://www.timesunion.com/,-8,HIGH
Albuquerque Journal,https://www.abqjournal.com/,-5,HIGH
All That’s Fab,http://www.allthatsfab.com/,-28,MIXED
Allen B. West,http://www.allenbwest.com/,29,MIXED
AllGov,http://www.allgov.com,-1,VERY HIGH
Alliance for Justice (AFJ),https://www.afj.org/,-22,HIGH
Alliance for Securing Democracy,http://securingdemocracy.gmfus.org/,2,HIGH
Allied Progress,https://alliedprogress.org,-16,HIGH
Alpha News,http://alphanewsmn.com/,24,MIXED
AlterNet,http://www.alternet.org/,-28,MIXED
AltNewsMedia.net,https://altnewsmedia.net,24,HIGH
AM New York,http://www.amny.com/,-13,HIGH
Amandla,http://aidc.org.za/amandla-media/,-23,HIGH
America Magazine,http://www.americamagazine.org/,-8,HIGH
AmericaBlog,http://americablog.com/,-23,HIGH
American Action Forum,https://www.americanactionforum.org/,14,HIGH
American Bridge 21st Century,https://americanbridgepac.org/,-25,MIXED
American Center for Law and Justice (ACLJ),https://aclj.org/,30,MIXED
American Civil Liberties Union (ACLU),https://www.aclu.org/,-10,HIGH
American Consequences,https://americanconsequences.com,24,MIXED
American Council on Science and Health,http://acsh.org/,9,HIGH
American Enterprise Institute,https://www.aei.org/,21,MIXED
American Firearms Institute,http://www.americanfirearms.org,13,HIGH
American Foreign Policy Council (AFPC),http://www.afpc.org/,10,HIGH
American Greatness,https://amgreatness.com,22,MIXED
American Herald Tribune,http://ahtribune.com/,-12,MIXED
American Heritage,http://www.americanheritage.com,1,HIGH
American Legislative Exchange Council (ALEC),https://www.alec.org,24,MIXED
American Liberty Report,http://www.americanlibertyreport.com,26,MIXED
American Military News,https://americanmilitarynews.com,27,HIGH
American News 24/7,https://www.americandailynews.org/,30,MIXED
American News Hub,https://www.americanewshub.com,28,MIXED
American News X,http://americannewsx.com/,-26,MIXED
American Public Media,https://www.americanpublicmedia.org,-8,HIGH
American Spectator,http://spectator.org/,26,HIGH
American Thinker,http://www.americanthinker.com/,27,MIXED
American United for Separation of Church and State,http://www.au.org/,-18,HIGH
American Web Media (AWM),http://awm.com/,19,MIXED
Americans for Prosperity,http://americansforprosperity.org,29,MIXED
Americas Quarterly,http://www.americasquarterly.org/,10,HIGH
Ammoland,http://www.ammoland.com/,24,HIGH
Amnesty International,https://www.amnesty.org/en/,-5,HIGH
Anadolu Agency,https://www.aa.com.tr/en,24,MIXED
Angry White Men,https://angrywhitemen.org,-21,HIGH
Anniston Star,https://www.annistonstar.com,-16,HIGH
Anthropocene Magazine,http://www.anthropocenemagazine.org/,-4,VERY HIGH
Anthropocene Magazine,http://www.anthropocenemagazine.org/,-4,VERY HIGH
Anti-Defamation League,http://www.adl.org/,-11,HIGH
Anti-Fascist News,https://antifascistnews.net/,-18,MIXED
Anti-War,http://antiwar.com/,16,MIXED
AOL,https://www.aol.com/,-14,HIGH
APM Reports,https://www.apmreports.org/,-10,HIGH
APTN News,http://aptnnews.ca/aptn-national-news/,-4,HIGH
Ara News,http://aranews.net/,-12,HIGH
Arab News,http://www.arabnews.com/,10,HIGH
Arizona Capitol Times,https://azcapitoltimes.com/,-1,HIGH
Arizona Daily Independent,https://arizonadailyindependent.com,24,MIXED
Arizona Daily Star,http://tucson.com/,-13,HIGH
Arizona Daily Sun,http://azdailysun.com,-7,HIGH
Arizona Republic,http://www.azcentral.com/,12,HIGH
Arkansas Democrat-Gazette,http://www.arkansasonline.com/,11,HIGH
Armstrong Economics,https://www.armstrongeconomics.com,11,HIGH
Arutz Sheva (Israel National News),http://www.israelnationalnews.com/,15,HIGH
Asharq Al-Awsat,http://english.aawsat.com/,1,HIGH
Asheville Citizen-Times,http://www.citizen-times.com/,-7,HIGH
Asia Times,http://www.atimes.com/,-4,HIGH
Asian News International (ANI),https://www.aninews.in,1,HIGH
Associated Press,https://apnews.com/,-5,VERY HIGH
Assyrian International News Agency,http://www.aina.org/aboutaina.html,22,MIXED
Atavist Magazine,https://magazine.atavist.com/,-8,VERY HIGH
Atlanta Black Star,http://atlantablackstar.com/,-15,HIGH
Atlanta Journal-Constitution,http://www.ajc.com/,-13,HIGH
Atlantic Council,http://www.atlanticcouncil.org/,3,HIGH
Atlantic Media,http://www.atlanticmedia.com/,-7,HIGH
ATTN:,http://www.attn.com/,-11,HIGH
Austin American-Statesman,http://www.statesman.com/,-8,HIGH
AutoStraddle,https://www.autostraddle.com/,-23,HIGH
Axios,https://www.axios.com/,-9,HIGH
BackChannel,https://backchannel.com/,-8,VERY HIGH
Backed by Fact,http://backedbyfact.com/,-18,HIGH
Ballotpedia,https://ballotpedia.org/Main_Page,-1,VERY HIGH
Baltimore City Paper,http://www.citypaper.com/,-21,MIXED
Baltimore Sun,http://www.baltimoresun.com/,-13,HIGH
Bangor Daily News,http://bangordailynews.com,-9,HIGH
Baptist News Global,https://baptistnews.com/,-7,HIGH
Battle Creek Enquirer,https://www.battlecreekenquirer.com,-8,HIGH
Battlefords News Optimist,http://www.newsoptimist.ca,-2,HIGH
Bay Area Reporter,http://www.ebar.com/,-19,HIGH
Bbarta24,http://en.bbarta24.net/,-3,HIGH
BBC,http://www.bbc.com/news,-7,VERY HIGH
BDNews24,http://bdnews24.com/,-4,HIGH
Bearing Arms,https://bearingarms.com/,27,MIXED
Beijing Review,http://www.bjreview.com/,-17,HIGH
Being Liberal,https://www.themaven.net/beingliberal,-27,HIGH
Being Libertarian,https://beinglibertarian.com/,23,HIGH
Beliefnet,http://www.beliefnet.com,21,MIXED
Bellingcat,https://www.bellingcat.com/,0,HIGH
Berkeleyside,http://www.berkeleyside.com,-13,HIGH
Berkshire Eagle,http://www.berkshireeagle.com/,-11,HIGH
Better Government Association,http://www.bettergov.org/,-5,HIGH
Big Government News,http://biggovernment.news/index.html,28,MIXED
Big League Politics,http://bigleaguepolitics.com/,28,MIXED
Big News Network,https://www.bignewsnetwork.com,-3,MIXED
Big Think,http://bigthink.com/,-2,VERY HIGH
Billings Gazette,http://billingsgazette.com,7,HIGH
BillMoyers.com,http://billmoyers.com/,-9,VERY HIGH
Bipartisan Policy Center,https://bipartisanpolicy.org,9,HIGH
Birmingham Mail,http://www.birminghammail.co.uk,-17,MIXED
Bismarck Tribune,http://bismarcktribune.com,1,HIGH
Bitch Media,https://bitchmedia.org/,-22,HIGH
Bizpac Review,http://www.bizpacreview.com/,29,MIXED
Black Agenda Report,http://blackagendareport.com/,-22,HIGH
Black Lives Matter,http://blacklivesmatter.com/,-21,HIGH
BlastingNews,http://us.blastingnews.com/,-15,MIXED
Bloomberg News,https://www.bloomberg.com/,-8,HIGH
Blue Dot Daily,http://www.bluedotdaily.com/,-30,MIXED
Blue Lives Matter,http://bluelivesmatter.blue/,24,HIGH
Blue Nation Review,http://bluenationreview.com/,-29,MIXED
Blue State Daily,https://bluestatedaily.com,-28,MIXED
Bluestem Prairie,http://www.bluestemprairie.com/,-13,HIGH
BNO News,http://bnonews.com/,-3,HIGH
Boing Boing,http://boingboing.net/,-19,HIGH
Boston Globe,https://www.bostonglobe.com/,-11,HIGH
Boston Herald,http://www.bostonherald.com/,9,HIGH
Boy Genius Report (BGR),http://bgr.com/,-10,HIGH
Breaking Defense,http://breakingdefense.com/,13,HIGH
Breakthrough Institute,https://thebreakthrough.org,8,HIGH
Breitbart Unmasked,http://www.breitbartunmasked.com/,-28,MIXED
Brennan Center for Justice,https://www.brennancenter.org/,-15,HIGH
BrexitCentral,http://brexitcentral.com,26,MIXED
Bridge Magazine,http://www.bridgemi.com,-2,HIGH
Brief.News,http://www.brief.news/,-1,HIGH
Brookings Institute,https://www.brookings.edu/,-14,VERY HIGH
Buffalo News,http://www.buffalonews.com/,-12,HIGH
Bulletin of the Atomic Scientists,http://thebulletin.org/,-5,VERY HIGH
Bullshido,http://www.bullshido.net/,-3,HIGH
Burnett County Sentinel,http://www.burnettcountysentinel.com,-3,MIXED
Business 2 Community,http://www.business2community.com/,-2,HIGH
Business Insider,http://www.businessinsider.com/,-11,HIGH
Bust Magazine,http://bust.com/,-23,HIGH
Bustle Magazine,https://www.bustle.com/,-14,HIGH
Buzzfeed,https://www.buzzfeed.com/news,-17,MIXED
C-Span,http://www.c-span.org/,-1,VERY HIGH
Calgary Herald,http://calgaryherald.com/,-13,HIGH
Calgary Sun,http://www.calgarysun.com/,13,HIGH
California Political Review,http://www.capoliticalreview.com/,14,HIGH
CalWatchdog.com,https://calwatchdog.com,-8,HIGH
Cambridge Analytica,https://ca-political.com,26,MIXED
Campaign for Liberty,http://campaignforliberty.org/,17,MIXED
Campaign Life Coalition,http://www.campaignlifecoalition.com/,30,MIXED
Campus Reform,https://www.campusreform.org,23,MIXED
Canadaland,http://www.canadalandshow.com,-13,HIGH
Canadian Dimension,https://canadiandimension.com/,-18,HIGH
Canadian Jewish News (CJN),http://www.cjnews.com/,10,HIGH
Canadian Public Affairs Channel (CPAC),http://www.cpac.ca/,-1,HIGH
Canadian Taxpayers Federation,http://www.taxpayer.com/,15,HIGH
Cape Cod Times,http://www.capecodtimes.com,-4,HIGH
Capital Gazette,http://www.capitalgazette.com/,-12,HIGH
Capital Research Center,https://capitalresearch.org/,24,MIXED
Capitol Fax,https://capitolfax.com,-3,HIGH
Carbonated TV,http://www.carbonated.tv/,-26,HIGH
Care2,https://www.care2.com,-27,MIXED
Caribbean Life News,https://www.caribbeanlifenews.com/,-13,HIGH
Carnegie Endowment for International Peace,http://carnegieendowment.org/,-5,VERY HIGH
Carolina Public Press,http://carolinapublicpress.org/,-12,HIGH
Casper Star-Tribune,http://trib.com,1,HIGH
Castanet,http://www.castanet.net/,-4,HIGH
Cato Institute,http://www.cato.org/,17,HIGH
CBC News (Canadian Broadcasting),http://www.cbc.ca/news,-12,HIGH
CBS News,http://www.cbsnews.com/,-12,HIGH
CCTV America,http://www.cctv-america.com/,-10,HIGH
Center for a New American Security,http://www.cnas.org/,-4,HIGH
Center for a Stateless Society,https://c4ss.org/,15,HIGH
Center for Advanced Defense Studies,http://c4ads.org/,1,VERY HIGH
Center for American Progress,https://www.americanprogress.org/,-23,HIGH
Center for Democracy and Technology,https://cdt.org,-2,HIGH
Center for Global Development,http://www.cgdev.org/,-4,VERY HIGH
Center for Inquiry,http://www.centerforinquiry.net/,-1,VERY HIGH
Center for International Policy,https://www.ciponline.org/,-11,VERY HIGH
Center for Media and Democracy (PR Watch),http://www.prwatch.org/cmd,-21,HIGH
Center for Popular Democracy,http://populardemocracy.org/,-16,HIGH
Center for Public Integrity,https://www.publicintegrity.org/,-3,VERY HIGH
Center for Responsive Politics (Open Secrets),http://www.opensecrets.org/,-1,VERY HIGH
Center for Strategic and International Studies,https://www.csis.org/,-4,VERY HIGH
Center for the National Interest,http://cftni.org/,10,HIGH
Certified Politics,http://certifiedpolitics.com,-28,MIXED
Change.org,https://www.change.org/,-21,HIGH
Charleston Gazette-Mail,http://www.wvgazettemail.com/,-10,HIGH
Charlotte Observer,http://www.charlotteobserver.com/,-13,HIGH
Check Your Fact,http://checkyourfact.com/,9,HIGH
Chicago Reader,http://www.chicagoreader.com/,-22,HIGH
Chicago Sun Times,http://chicago.suntimes.com/,-12,HIGH
Chicago Tribune,http://www.chicagotribune.com/,9,HIGH
Chicks on the Right,http://www.chicksontheright.com/,24,MIXED
China Daily,http://www.chinadaily.com.cn/,-4,HIGH
China Global Television Network (CGTN),https://news.cgtn.com,-2,HIGH
Chinook Observer,http://www.chinookobserver.com,-4,HIGH
Christian News Alerts,https://www.christiannewsalerts.com,30,MIXED
Christian Post,http://www.christianpost.com/,24,MIXED
Christian Science Monitor,http://www.csmonitor.com/,-4,HIGH
Christianity Today,http://www.christianitytoday.com/,7,HIGH
Chronicles Magazine (Rockford),https://www.chroniclesmagazine.org/,28,MIXED
Chronicles of Democracy,http://www.chroniclesofdemocracy.com/,-22,HIGH
Church Militant,https://www.churchmilitant.com/,30,MIXED
Cincinnati Enquirer,http://www.cincinnati.com/,10,HIGH
Circa News,http://circa.com/,7,HIGH
Citizen Critics,https://citizencritics.org,-18,HIGH
Citizen Free Press,https://www.citizenfreepress.com,27,MIXED
Citizen Truth,https://citizentruth.org,-13,HIGH
Citizens for Legitimate Government (CLG News),http://www.legitgov.org/,-16,MIXED
Citizens for Responsibility and Ethics in Washington (CREW),https://www.citizensforethics.org,-15,HIGH
Citizens for Tax Justice,http://ctj.org/,-13,HIGH
Citizens United,http://citizensunited.org/index.aspx,23,MIXED
City and State New York,http://cityandstateny.com/,-3,HIGH
City Journal,http://www.city-journal.org/,24,HIGH
Civitas Institute,https://www.nccivitas.org/,29,MIXED
Clean Technica,https://cleantechnica.com/,-9,VERY HIGH
Clear Politics,https://www.clear-politics.com/,30,MIXED
CNBC,http://www.cnbc.com/,-13,HIGH
CNN,http://www.cnn.com/,-20,MIXED
Code Pink,http://www.codepink.org/,-29,MIXED
Cold Dead Hands,http://www.colddeadhands.us/,27,MIXED
Colombia Reports,https://colombiareports.com,-12,MIXED
Colorado Springs Gazette,http://gazette.com/,12,HIGH
Columbia Daily Herald,http://www.columbiadailyherald.com/,9,HIGH
Columbia Journalism Review,http://www.cjr.org/,-11,HIGH
Columbus Dispatch,http://www.dispatch.com/,10,HIGH
Commentary Magazine,https://www.commentarymagazine.com/,24,HIGH
Committee for a Responsible Federal Budget,http://crfb.org/,1,VERY HIGH
Committee for Economic Development,https://www.ced.org/,3,HIGH
Committee to Investigate Russia,https://investigaterussia.org,-9,HIGH
Committee to Protect Journalists,https://www.cpj.org/,-2,VERY HIGH
Common Cause,http://www.commoncause.org,-12,HIGH
Common Dreams,http://www.commondreams.org/,-24,HIGH
Commonweal Magazine,https://www.commonwealmagazine.org,-10,HIGH
Commonwealth Fund,http://www.commonwealthfund.org/,-11,HIGH
Communities Digital News,http://www.commdiginews.com/,12,HIGH
Competitive Enterprise Institute,https://cei.org/,17,HIGH
Concord Monitor,http://www.concordmonitor.com,-4,HIGH
Conflict News,http://www.conflict-news.com/,3,HIGH
Congress.gov,https://www.congress.gov/,-1,VERY HIGH
Congressional Budget Office (CBO),https://www.cbo.gov/,-1,VERY HIGH
Conservative Base,https://conservativebase.com/,30,MIXED
Conservative Daily News,http://www.conservativedailynews.com/,29,MIXED
Conservative HQ,http://www.conservativehq.com/,29,MIXED
Conservative Institute,https://www.conservativeinstitute.org,22,HIGH
Conservative Outfitters,https://www.conservativeoutfitters.com/blogs/news,28,MIXED
Conservative Review,https://www.conservativereview.com/,24,MIXED
Conservative Today,https://conservativetoday.com,30,MIXED
ConservativeOpinion.com,https://conservativeopinion.com/,28,MIXED
Conservatives Here,https://www.conservativeshere.com/,30,MIXED
Consortium News,https://consortiumnews.com/,-5,HIGH
Constitution Daily,https://constitutioncenter.org,1,HIGH
Constitution Project,http://www.constitutionproject.org/,1,HIGH
Consumer Reports,https://www.consumerreports.org,-1,HIGH
Consumerist,https://consumerist.com/,-3,HIGH
Content News,http://content.news,-27,MIXED
Controversial Times,http://controversialtimes.com/,30,MIXED
Cook Political Report,http://cookpolitical.com/,-2,HIGH
Corporate Presidency,https://corporatepresidency.org,-15,HIGH
Cosmopolitan,http://www.cosmopolitan.com/,-26,HIGH
Council for the National Interest,http://www.councilforthenationalinterest.org/,-14,HIGH
Council on Foreign Relations,http://www.cfr.org/,9,HIGH
Countable News,http://blog.countable.us/,-4,HIGH
CounterCurrents.org,http://www.countercurrents.org/,-22,HIGH
CounterPunch,http://www.counterpunch.org/,-22,HIGH
Courthouse News Service,https://www.courthousenews.com,-1,HIGH
Cowger Nation,http://cowgernation.com/,30,MIXED
CP24,https://www.cp24.com/,-3,HIGH
Credo Action,http://credoaction.com/,-14,HIGH
Crime Prevention Research Center,http://crimeresearch.org/,28,MIXED
Crimeola,https://crimeola.com,-1,HIGH
CrimethInc,https://crimethinc.com/,-22,HIGH
Crisis Magazine,http://www.crisismagazine.com/,27,MIXED
Crooked Media,https://crooked.com/,-23,HIGH
Crooks and Liars,http://crooksandliars.com/,-28,MIXED
Crosscut.com,http://crosscut.com/,-13,HIGH
CSC Mediagroup USA,http://www.cscmediagroupus.com/,30,HIGH
CTV News,http://www.ctvnews.ca/,-14,HIGH
Current Affairs Magazine,https://www.currentaffairs.org/,-21,HIGH
Curve Magazine,http://www.curvemag.com,-18,HIGH
Daily 49er,http://www.daily49er.com/,-19,HIGH
Daily Beast,http://www.thedailybeast.com/,-23,HIGH
Daily Business Review,http://www.dailybusinessreview.com/,2,HIGH
Daily Caller,http://dailycaller.com/,26,MIXED
Daily Dems,https://www.dailydems.com/,-29,MIXED
Daily Dot,http://www.dailydot.com/,-19,HIGH
Daily Express,http://www.express.co.uk/,23,MIXED
Daily Herald,http://www.dailyherald.com/,8,HIGH
Daily Hive,http://dailyhive.com/,-9,HIGH
Daily Journal (Illinois),http://www.daily-journal.com,1,HIGH
Daily Journal (Missouri),https://dailyjournalonline.com,-3,HIGH
Daily Kos,http://www.dailykos.com/,-27,MIXED
Daily Mail,http://www.dailymail.co.uk/ushome/index.html,24,MIXED
Daily Mirror,http://www.mirror.co.uk/,-23,MIXED
Daily News Bin,http://www.dailynewsbin.com/,-28,MIXED
Daily Press,http://www.dailypress.com/,7,HIGH
Daily Record (Scotland),http://www.dailyrecord.co.uk/,-22,MIXED
Daily Record,http://www.dailyrecord.com/,-4,HIGH
Daily Sabah,http://www.dailysabah.com/,22,MIXED
Daily Signal,http://dailysignal.com/,29,MIXED
Daily Surge,http://dailysurge.com/,28,MIXED
Daily Telegraph,http://www.telegraph.co.uk/,11,HIGH
Dallas Morning News,http://www.dallasnews.com/,12,HIGH
Dallas Voice,http://www.dallasvoice.com/,-23,HIGH
Dangerous,https://www.dangerous.com,30,MIXED
Darien Times,http://www.darientimes.com/,-2,HIGH
Dawn,https://www.dawn.com/,-12,HIGH
Dayton Daily News,https://www.daytondailynews.com,-5,HIGH
DC Statesman,http://www.dcstatesman.com/,29,MIXED
DC Tribune,http://dctribune.org,-29,MIXED
DC Whispers,http://dcwhispers.com/,29,MIXED
DCReport.org,https://www.dcreport.org/,-17,HIGH
de Volkskrant,https://www.volkskrant.nl/,9,HIGH
Dead State,http://deadstate.org/,-24,HIGH
Deadline Hollywood,http://deadline.com/,-15,HIGH
Deadspin,https://deadspin.com/,-22,HIGH
DeathandTaxes,http://www.deathandtaxesmag.com/,-22,HIGH
Debate Post,http://debatepost.com/,19,HIGH
Deccan Chronicle,https://www.deccanchronicle.com/,14,HIGH
Deccan Herald,http://www.deccanherald.com/,-13,MIXED
Deep Left Field,http://deepleftfield.info/,-29,MIXED
DeepStateNation.com,http://deepstatenation.com,-27,MIXED
Defense One,http://www.defenseone.com/,0,HIGH
Delaware Online – The News Journal,http://www.delawareonline.com/,-9,HIGH
Democracy 21,http://www.democracy21.org/,-16,HIGH
Democracy Chronicles,https://democracychronicles.org/author/tawfik/,-24,HIGH
Democracy Guardian,https://democracyguardian.com,-28,MIXED
Democracy Now,http://www.democracynow.org/,-22,HIGH
Democrat and Chronicle,http://www.democratandchronicle.com/,-11,HIGH
Democratic Underground,http://www.democraticunderground.com/,-28,MIXED
Demos,http://www.demos.org,-11,HIGH
Denver Post,http://www.denverpost.com/,-14,HIGH
Deplorables Report,https://deplorablesreport.com,24,MIXED
Deseret News,http://www.deseretnews.com/,15,HIGH
Desert Sun,http://www.desertsun.com/,6,HIGH
DeSmog,https://www.desmogblog.com/,-18,HIGH
Detroit Free Press,http://www.freep.com/,-12,HIGH
Detroit News,http://www.detroitnews.com/,12,HIGH
Die Hard Democrat,http://dieharddemocrat.com/,-26,HIGH
Die Zeit,http://www.zeit.de/english/index,-9,HIGH
DifferenceBetween.net,http://www.differencebetween.net,0,VERY HIGH
Digg,http://digg.com/,-9,HIGH
Digital Journal,http://www.digitaljournal.com,-2,HIGH
Disobedient Media,http://disobedientmedia.com/,24,MIXED
Dissent Magazine,https://www.dissentmagazine.org/,-23,HIGH
DiversityInc,http://www.diversityinc.com,-12,HIGH
Doctors Without Borders,http://www.doctorswithoutborders.org,-1,HIGH
Downsizing the Federal Government,https://www.downsizinggovernment.org,15,HIGH
DPA German Press Agency,http://www.dpa-international.com/,-3,HIGH
Drudge Report,http://www.drudgereport.com/,29,MIXED
Drudge Retort,http://www.drudge.com/,-23,MIXED
Duluth News Tribune,https://www.duluthnewstribune.com,9,HIGH
Dutch Daily News,http://www.dutchdailynews.com/,-13,HIGH
Dutch Review,https://dutchreview.com/,-13,MIXED
DW News,http://www.dw.com/en/top-stories/s-9097,-14,HIGH
Eagle Tribune,http://www.eagletribune.com/,1,HIGH
Earth First Journal,http://earthfirstjournal.org/,-26,MIXED
Earth Institute,http://earth.columbia.edu/sections/view/9,-2,HIGH
EarthJustice,https://earthjustice.org,-17,HIGH
East Bay Times,http://www.eastbaytimes.com/,-9,HIGH
Economic Policy Institute,http://www.epi.org/,-13,HIGH
EconomicPolicyJournal.com,http://www.economicpolicyjournal.com,24,HIGH
Economics.Help,https://www.economicshelp.org,-13,HIGH
Economy In Crisis,http://economyincrisis.org/,-24,MIXED
Edmonton Journal,http://edmontonjournal.com/,-10,HIGH
Edmonton Sun,http://www.edmontonsun.com/,15,HIGH
EgbertoWillies,https://egbertowillies.com/,-28,HIGH
Egyptian Streets,https://egyptianstreets.com/,-12,MIXED
EJ Insight (EJI),http://www.ejinsight.com/,-5,HIGH
El Pais,http://elpais.com/elpais/inenglish.html,-13,HIGH
El Paso Times,http://www.elpasotimes.com/,-8,HIGH
Electoral-Vote.com,https://www.electoral-vote.com,-19,HIGH
Electronic Frontier Foundation,https://www.eff.org/,-8,HIGH
Electronic Intifada,https://electronicintifada.net/,-25,HIGH
Elisabeth Parker,http://elisabethparker.com/,-26,HIGH
Elite Daily,http://elitedaily.com/,-19,MIXED
Elko Daily Free Press,https://elkodaily.com/,1,HIGH
Emirates 24/7,http://www.emirates247.com/,-11,HIGH
Empty Wheel,https://www.emptywheel.net/,-15,HIGH
Energy Citizens,https://energycitizens.org/,27,MIXED
Engadget,https://www.engadget.com/,-12,HIGH
Erie Times-News,http://www.goerie.com,-4,HIGH
ERR News (Estonia Public Broadcasting),http://news.err.ee,1,HIGH
Esquire Magazine,http://www.esquire.com/,-22,HIGH
Ethics & Religious Liberty Commission (ERLC),http://erlc.com/,28,MIXED
Ethics and Public Policy Center (EPPC),https://eppc.org/,15,HIGH
EU Observer,https://euobserver.com/,-11,HIGH
Euractiv,http://www.euractiv.com/,-17,MIXED
Eurasia Group,http://www.eurasiagroup.net/,-3,HIGH
Eurasia Review,http://www.eurasiareview.com,-4,HIGH
Euronews,http://www.euronews.com/,-4,HIGH
Every CRS Report,https://www.everycrsreport.com/,0,VERY HIGH
Everyday Feminism,http://everydayfeminism.com/,-21,HIGH
Evonomics,http://evonomics.com/,-23,HIGH
Exposing the Truth,https://www.exposingtruth.com/,-10,HIGH
ExtraNewsFeed,https://extranewsfeed.com,-25,MIXED
Fact / Myth,http://factmyth.com/,-9,HIGH
Factbox.TV,http://factbox.tv/,-15,HIGH
FactCheck,http://www.factcheck.org/,-1,VERY HIGH
Facts and Logic About the Middle East (FLAME),http://factsandlogic.org/,28,MIXED
FactsCan,http://factscan.ca/,-1,VERY HIGH
Factwire News Agency,https://www.factwire.org/english,-1,HIGH
Fair Observer,https://www.fairobserver.com,-3,HIGH
Fairness & Accuracy in Reporting (FAIR),http://fair.org/,-14,HIGH
FairVote,http://www.fairvote.org/,-9,HIGH
Faith Family America,http://www.faithfamilyamerica.com,13,HIGH
FaithWire,http://www.faithwire.com,27,MIXED
Family Security Matters,http://www.familysecuritymatters.org/,26,MIXED
Far Left Watch,https://farleftwatch.com,29,HIGH
Fast Company Magazine,https://www.fastcompany.com/,-11,HIGH
Federal News Radio,https://federalnewsradio.com,-1,HIGH
Federal Times,http://www.federaltimes.com/,0,HIGH
Federalist Press,http://federalistpress.com/,30,MIXED
Federalist Society,https://fedsoc.org/,26,MIXED
Feminist Current,http://www.feministcurrent.com,-19,HIGH
Feminist Frequency,https://feministfrequency.com/,-8,HIGH
Feministing,http://feministing.com/,-25,HIGH
Fifth Estate,https://www.fifthestate.org/,-22,HIGH
Fight for the Future,https://www.fightforthefuture.org,-14,HIGH
Filming Cops,http://filmingcops.com/,-24,HIGH
Financial Express,http://www.financialexpress.com/,2,HIGH
Financial Post,http://www.financialpost.com/,10,HIGH
Financial Times,https://www.ft.com/,1,HIGH
First Draft News,https://firstdraftnews.org/,-3,HIGH
First in Freedom Daily,http://firstinfreedomdaily.com/,28,MIXED
First Post,http://www.firstpost.com/,-22,HIGH
First Things Magazine,https://www.firstthings.com,23,MIXED
FitsNews,https://www.fitsnews.com/,13,HIGH
FiveThirtyEight,https://fivethirtyeight.com/,-8,HIGH
Florida Times-Union,http://jacksonville.com/,10,HIGH
Forbes,http://www.forbes.com/,14,MIXED
Foreign Affairs,https://www.foreignaffairs.com/,5,HIGH
Foreign Policy in Focus,http://fpif.org/,-10,HIGH
Foreign Policy Initiative,http://www.foreignpolicyi.org/,12,HIGH
Foreign Policy Journal,https://www.foreignpolicyjournal.com,-26,MIXED
Foreign Policy News,http://foreignpolicynews.org,-23,MIXED
Foreign Policy Research Institute,http://www.fpri.org/,10,VERY HIGH
Foreign Policy,http://foreignpolicy.com/,3,HIGH
Fort Bend Herald,http://www.fbherald.com/,13,HIGH
Fort Worth Star-Telegram,http://www.star-telegram.com/,10,HIGH
Fort Worth Star-Telegram,http://www.star-telegram.com/,10,HIGH
Fort Worth Weekly,https://www.fwweekly.com/,-14,HIGH
Fortnightly Review,http://fortnightlyreview.co.uk/,15,HIGH
Fortune Magazine,http://fortune.com/,8,HIGH
Forward Progressives,http://www.forwardprogressives.com/,-26,HIGH
Foundation for Defense of Democracies,http://www.defenddemocracy.org,21,HIGH
Foundation for Economic Education,https://fee.org/,12,HIGH
Fox News,http://www.foxnews.com/,24,MIXED
France24,http://www.france24.com/en/,-13,HIGH
Franklin Center for Government and Public Integrity,http://franklincenterhq.org/,15,MIXED
Fraser Institute,https://www.fraserinstitute.org/,13,HIGH
Freakonomics Radio,http://freakonomics.com/,-10,HIGH
Free Press,http://freepress.org/,-27,HIGH
Free Press,http://www.freepress.net/,-15,HIGH
Free Rein News,http://frnewsreport.com,-28,HIGH
Free Republic,http://www.freerepublic.com,27,MIXED
Free West Media,http://freewestmedia.com/,26,MIXED
Free Wheel Media,https://freewheelus.com,-12,HIGH
Freedom Crossroads,http://freedomcrossroads.com/,26,MIXED
Freedom From Religion Foundation (FFRF),https://ffrf.org/,-1,HIGH
Freedom House,https://freedomhouse.org/,10,HIGH
Freedom News and Journal,https://freedomnews.org.uk/,-27,HIGH
Freedom Works,http://www.freedomworks.org/,26,MIXED
Fresno Bee,http://www.fresnobee.com/,-11,HIGH
Frontiers of Freedom,https://www.ff.org,24,MIXED
FStv (freespeech.org),https://www.freespeech.org/,-19,HIGH
Full Fact (UK),https://fullfact.org/,-5,VERY HIGH
Fusion,http://fusion.kinja.com/,-16,MIXED
Future in America,http://www.futureinamerica.com/news,30,MIXED
Gallup,http://www.gallup.com/home.aspx,-2,VERY HIGH
Gatestone Institute,https://www.gatestoneinstitute.org/,28,MIXED
Gay Star News,https://www.gaystarnews.com/,-15,HIGH
GBTimes,https://gbtimes.com,-2,HIGH
Gears of Biz,http://gearsofbiz.com/,-4,HIGH
Geopolitics Alert,http://geopoliticsalert.com,-13,HIGH
Get Religion,https://www.getreligion.org/,26,MIXED
Gizmodo,http://gizmodo.com/,-20,HIGH
Glamour Magazine,http://www.glamour.com/,-14,HIGH
Global Citizen,https://www.globalcitizen.org/en/,-11,HIGH
Global Integrity,http://www.globalintegrity.org/,1,HIGH
Global News,http://globalnews.ca/,-8,HIGH
Global Post,http://www.pri.org/programs/globalpost,-10,HIGH
Global Risk Insights (GRI),http://globalriskinsights.com,-7,HIGH
Global Slavery Index,https://www.globalslaveryindex.org,-1,VERY HIGH
Global Times (China),http://www.globaltimes.cn/,-10,HIGH
Global Voices,https://globalvoices.org/,-18,HIGH
Globe Gazette (Iowa),http://globegazette.com,-3,HIGH
Globe Today,http://www.globetoday.com/,-22,MIXED
Good Magazine,https://www.good.is/,-21,HIGH
GoodNewsNetwork,http://www.goodnewsnetwork.org/,1,HIGH
GOP.com,https://www.gop.com/,24,MIXED
GOPOCALYPSE,http://www.gopocalypse.org/,-28,MIXED
GOPUSA,http://www.gopusa.com/,29,MIXED
Governing Magazine,http://www.governing.com/,-8,HIGH
Government Accountability Institute,http://www.g-a-i.org/,29,MIXED
Government Executive,http://www.govexec.com/,-4,HIGH
GovTrack,https://www.govtrack.us/,0,VERY HIGH
GQ Magazine,http://www.gq.com/,-19,HIGH
Grabien News,https://news.grabien.com/index.php,-3,MIXED
Grand Rapids Press,http://www.mlive.com/grand-rapids/#/0,13,HIGH
Grasping Reality With Both Hands: Bradford DeLong,http://www.bradford-delong.com/,-21,HIGH
Green Left Weekly,https://www.greenleft.org.au,-26,MIXED
Greensboro News and Record,http://www.greensboro.com/,-12,HIGH
Greentech Media,https://www.greentechmedia.com/,-12,HIGH
Greenville Gazette,http://www.greenvillegazette.com/,-26,HIGH
Grist,http://grist.org/,-14,HIGH
Groopspeak,http://news.groopspeak.com/,-28,MIXED
Group of Thirty,http://group30.org/,7,HIGH
Guardian Liberty Voice,http://guardianlv.com/,-24,HIGH
Guardians of Democracy,https://theguardiansofdemocracy.com/,-24,HIGH
Guerrilla News,https://www.guerrilla.news,30,MIXED
Guido Fawkes,https://order-order.com,29,MIXED
Gulf News,http://gulfnews.com/,10,HIGH
Guns.com,http://www.guns.com,10,HIGH
Haaretz,http://www.haaretz.com/,-16,HIGH
Happy Foxie,http://happy-foxie.com/,-28,MIXED
Harper’s Magazine,http://harpers.org/,-8,HIGH
Harvard Business Review,https://hbr.org,-3,HIGH
Harvard Gazette,http://news.harvard.edu/gazette/,-4,HIGH
Harvard Political Review,http://harvardpolitics.com/,-4,HIGH
Hastings Tribune,http://www.hastingstribune.com,-2,HIGH
Health Magazine,http://www.health.com,-11,MIXED
Healthcare Finance News,http://www.healthcarefinancenews.com/,-1,HIGH
HealthyWay,https://www.healthyway.com,-11,HIGH
Heartland Institute,https://www.heartland.org/,29,MIXED
Heat Street,http://heatst.com/,24,MIXED
Heavy,http://heavy.com/,-13,HIGH
Helsinki Times,http://www.helsinkitimes.fi/,-15,HIGH
Herald & Review (Illinois),https://herald-review.com,2,HIGH
Herald-Sun,http://www.heraldsun.com.au/,11,HIGH
Heritage Foundation,http://www.heritage.org/,29,MIXED
HermanCain.com,https://www.hermancain.com/,29,MIXED
Heterodox Academy,https://heterodoxacademy.org,8,HIGH
High Country News,https://www.hcn.org,-13,HIGH
High Point Enterprise,http://www.hpenews.com/,10,HIGH
Highline,http://highline.huffingtonpost.com,-12,HIGH
Hillary Daily,https://hillarydaily.com/,23,MIXED
Hindustan Times,http://www.hindustantimes.com/,-8,HIGH
History News Network,http://historynewsnetwork.org/,-12,HIGH
Hoax Slayer,http://www.hoax-slayer.com/,0,VERY HIGH
Hollywood Reporter,http://www.hollywoodreporter.com/,-15,HIGH
Homeland Security News Wire,http://www.homelandsecuritynewswire.com,1,HIGH
Honest Reporting,http://honestreporting.com/,10,HIGH
Honolulu Star-Advertiser,http://www.staradvertiser.com/,-11,HIGH
Hoover Institution,http://www.hoover.org/,13,MIXED
Hot Air,http://hotair.com/,26,HIGH
Houston Chronicle,https://www.houstonchronicle.com/,-14,HIGH
Hudson Institute,http://www.hudson.org/,22,HIGH
Huffington Post (HuffPost),http://www.huffingtonpost.com/,-21,HIGH
Human Events,http://humanevents.com/,26,MIXED
Human Progress,http://humanprogress.org/,16,MIXED
Human Rights Campaign (HRC),https://www.hrc.org,-24,HIGH
Human Rights Watch,https://www.hrw.org/,-8,HIGH
Humanium,https://www.humanium.org,-13,HIGH
Hurriyet Daily News,http://www.hurriyetdailynews.com/,-11,MIXED
I Bleed Red White and Blue,http://ibleedredwhiteblue.com/,27,MIXED
I24 News,http://www.i24news.tv/,1,HIGH
Ice News,http://www.icenews.is/,-13,HIGH
ICitizen,https://icitizen.com,-3,HIGH
Idaho Statesman,http://www.idahostatesman.com,-3,HIGH
If Americans Knew,http://ifamericaknew.org/,-15,HIGH
IHS Janes 360,http://www.janes.com/,1,HIGH
Illinois Policy Institute,https://www.illinoispolicy.org/,20,HIGH
iMediaEthics,https://www.imediaethics.org,-4,HIGH
Impeach Trump Now,http://www.impeachdjtnow.com/,-29,MIXED
Imprimis (Hillsdale College),https://imprimis.hillsdale.edu,24,MIXED
In Defence of Marxism,https://www.marxist.com/,-27,HIGH
In Homeland Security,https://inhomelandsecurity.com,9,HIGH
In These Times,http://inthesetimes.com/,-22,HIGH
Independent Australia,https://independentaustralia.net/,-15,HIGH
Independent Journal Review,https://ijr.com/,26,HIGH
Independent Media Center,https://www.indymedia.org/or/index.shtml,-14,MIXED
Independent Record (Montana),http://helenair.com,1,HIGH
Independent Reporter (Ir.net),http://ir.net/,-27,MIXED
Independent Sentinel,http://www.independentsentinel.com/,29,HIGH
Independent Voter Network (IVN),https://ivn.us/,-4,HIGH
Independent Women’s Forum (IWF),http://iwf.org/,24,MIXED
India Today,http://indiatoday.intoday.in/,-4,HIGH
Indianapolis Star,http://www.indystar.com/,-10,HIGH
Inequality Media,https://www.inequalitymedia.org/,-19,HIGH
iNews,https://inews.co.uk/,-13,HIGH
Informed Comment,https://www.juancole.com,-19,HIGH
Inquisitr,http://www.inquisitr.com/news/,-14,MIXED
Inside Higher Ed,https://www.insidehighered.com/,-7,HIGH
Inside Philanthropy,https://www.insidephilanthropy.com,-13,HIGH
InsideClimate News,https://insideclimatenews.org/,-7,HIGH
InsideSources,http://www.insidesources.com,12,HIGH
Institute for Family Studies,https://ifstudies.org,23,MIXED
Institute for Humane Studies,https://theihs.org/,7,HIGH
Institute for Middle East Understanding (IMEU),https://imeu.org,-12,HIGH
Institute for Policy Studies,http://www.ips-dc.org,-28,HIGH
Institute for Women’s Policy Research (IWPR),https://iwpr.org,-4,HIGH
Institute on Taxation and Economic Policy (ITEP),https://itep.org/,-11,HIGH
Intellectual Takeout,http://www.intellectualtakeout.org/,26,MIXED
Inter Press Service (IPS),http://www.ips.org,-16,HIGH
International Business Times,http://www.ibtimes.com/,-11,MIXED
International Center for Research on Women,http://www.icrw.org/,-11,HIGH
International Consortium of Investigative Journalists,https://www.icij.org/,-4,VERY HIGH
International Crisis Group,https://www.crisisgroup.org/,-10,HIGH
International Energy Agency (IEA),https://www.iea.org/,-5,HIGH
International Organization,http://journals.cambridge.org/action/displayIssue?jid=INO&tab=currentissue,1,VERY HIGH
International Press Institute,http://www.freemedia.at/,-1,VERY HIGH
International Rescue Committee (IRC),https://www.rescue.org/,-3,HIGH
International Viewpoint,http://www.internationalviewpoint.org/,-29,MIXED
Intrepid Report,http://www.intrepidreport.com/,-24,MIXED
Inverse,https://www.inverse.com,-12,HIGH
Investigative Reporters and Editors,https://www.ire.org/,-1,VERY HIGH
Investopedia,http://www.investopedia.com/,-1,HIGH
Investors Business Daily,http://www.investors.com/,28,MIXED
Iowa Starting Line,https://iowastartingline.com,-22,HIGH
iPatriot,http://ipatriot.com,24,MIXED
iPolitics,http://ipolitics.ca/,-9,HIGH
IRIN News,http://www.irinnews.org/,-10,HIGH
Irish Independent,http://www.independent.ie/,11,HIGH
Israel Hayom,http://www.israelhayom.com/site/today.php,13,HIGH
ITV News,http://www.itv.com/news/,8,HIGH
It’s Going Down,https://itsgoingdown.org/,-28,MIXED
Jackson Sun,https://www.jacksonsun.com,2,HIGH
Jacobin,https://www.jacobinmag.com/,-22,HIGH
Japan Times,https://www.japantimes.co.jp/,1,HIGH
Japan Today,https://www.japantoday.com/,7,HIGH
Jewish Breaking News,http://jewishbreakingnews.com,12,MIXED
Jewish News Syndicate (JNS),https://www.jns.org,13,HIGH
Jewish Policy Center,https://www.jewishpolicycenter.org/,20,HIGH
Jewish Telegraphic Agency (JTA),http://www.jta.org,1,HIGH
Jewish World Review,http://www.jewishworldreview.com/,26,MIXED
Jezebel,http://jezebel.com/,-29,MIXED
Jihadica,http://www.jihadica.com/,-9,HIGH
Joint Center for Political and Economic Studies,http://jointcenter.org/,-13,HIGH
Journal Gazette & Times-Courier,https://www.opensecrets.org/orgs/totals.php?id=D000052990&cycle=2014,-3,HIGH
Journal of Politics and Society,http://www.helvidius.org/,-10,VERY HIGH
JStor Daily,http://daily.jstor.org/,-1,VERY HIGH
Judicial Crisis Network,https://judicialnetwork.com/,28,MIXED
Just Facts Daily,http://www.justfactsdaily.com/,19,HIGH
Just Facts,http://www.justfacts.com/,12,HIGH
Just Security,https://www.justsecurity.org/,-3,HIGH
Kaiser Family Foundation,http://kff.org/,-4,HIGH
Kansas City Star,http://www.kansascity.com/,-12,HIGH
Kansas Policy Institute (KPI),https://kansaspolicy.org,26,MIXED
Keep and Bear,https://keepandbear.com,28,HIGH
KMOV,http://www.kmov.com/,-9,HIGH
Knight Foundation,http://www.knightfoundation.org/,-7,HIGH
Know Your Meme,http://knowyourmeme.com/,-1,HIGH
Knowhere,https://knowherenews.com,-1,HIGH
Knox Report,http://knoxreport.com/,30,MIXED
Knoxville News Sentinel,https://www.knoxnews.com,-12,HIGH
KOCO News 5,http://www.koco.com/,-7,HIGH
Korea Herald,http://www.koreaherald.com/,8,MIXED
Kotaku,https://kotaku.com,-13,HIGH
KUOW NPR,http://kuow.org/,-10,HIGH
Kurdistan 24,http://www.kurdistan24.net,-15,MIXED
KUTV Salt Lake City,http://kutv.com/,10,HIGH
Kyiv Post,https://www.kyivpost.com/,-15,MIXED
La Presse,http://www.lapresse.ca/,-16,HIGH
LA Times (Los Angeles Times),http://www.latimes.com/,-14,HIGH
Las Vegas Review-Journal,http://www.reviewjournal.com/,12,HIGH
Latest.com,https://latest.com,-29,MIXED
Latin Times,http://www.latintimes.com/,-8,HIGH
Lavender Magazine,http://www.lavendermagazine.com/,-22,HIGH
Law Newz,http://lawnewz.com/,-11,HIGH
Lawfare Blog,https://www.lawfareblog.com/,-13,HIGH
Le Devoir,http://www.ledevoir.com/,1,HIGH
Lead Stories,https://leadstories.com/,-2,VERY HIGH
Learn Liberty,http://www.learnliberty.org/,8,HIGH
Left Action,http://leftaction.com/,-25,HIGH
Left Foot Forward,https://leftfootforward.org/,-23,HIGH
Left Justified,http://www.leftjustified.com/,-9,HIGH
Left Over Rights,http://leftoverrights.com/,-27,MIXED
Left Side of History,http://www.leftsideofhistory.com/,-23,MIXED
Left Voice,http://www.leftvoice.org,-22,HIGH
Left Wing Nation,http://leftwingnation.org/,-28,HIGH
LeftScoop,https://www.leftscoop.com/,-29,MIXED
Legal Insurrection,http://legalinsurrection.com/,24,MIXED
Lethbridge Herald,http://lethbridgeherald.com/,-12,HIGH
Lexington Herald Leader,http://www.kentucky.com/,-10,HIGH
Lexington Institute,http://lexingtoninstitute.org/,8,HIGH
LGBTQ Nation,http://www.lgbtqnation.com/,-18,HIGH
Libcom.org,http://libcom.org,-28,HIGH
Liberal America,http://www.liberalamerica.org/,-25,MIXED
Liberal Examiner,https://www.liberalexaminer.com/,-29,MIXED
Liberal Mountain,http://www.liberalmountain.com/,-16,HIGH
Liberals Unite (Samuel Warde),http://samuel-warde.com/,-27,MIXED
Liberation News,https://www.liberationnews.org/,-22,HIGH
Liberty Hangout,http://libertyhangout.org/,23,MIXED
Liberty Headlines,http://www.libertyheadlines.com/,29,MIXED
Liberty Nation,https://www.libertynation.com,29,MIXED
Liberty News,http://libertynews.com/,30,MIXED
Liberty Viral,https://libertyviral.com/,13,HIGH
LibertyTalk.FM,http://libertytalk.fm/,27,MIXED
Life and About,https://lifeandabout.com/,30,MIXED
Life Decisions International,http://fightpp.org,27,MIXED
Life News,http://www.lifenews.com/,30,MIXED
Life Site News,https://www.lifesitenews.com/,26,MIXED
Lifehacker,https://lifehacker.com/,-10,HIGH
LifeZette,http://www.lifezette.com/,24,MIXED
Lima Charlie News,https://limacharlienews.com,2,HIGH
Lincoln Journal Star,http://journalstar.com/,-2,HIGH
ListVerse,http://listverse.com/,-3,HIGH
Little Green Footballs,http://littlegreenfootballs.com/,-22,MIXED
LiveLeak,https://www.liveleak.com/,-12,HIGH
Lompoc Record,http://lompocrecord.com/,1,HIGH
London Broadcasting Company (LBC),http://www.lbc.co.uk,17,MIXED
London Evening Standard,http://www.standard.co.uk/,15,HIGH
London Free Press,http://www.lfpress.com/,7,MIXED
Lone Conservative,https://loneconservative.com,24,MIXED
Longview News-Journal,https://www.news-journal.com,2,HIGH
Los Angeles Daily News,http://www.dailynews.com/,6,HIGH
Louder With Crowder,http://louderwithcrowder.com/,30,MIXED
Love Knowledge,http://loveknowledge.org/,-26,MIXED
Lyin’ Comey,https://www.lyincomey.com/,29,MIXED
Lynx Media,https://lynx.media/,7,MIXED
Mackinac Center for Public Policy,http://www.mackinac.org/,10,HIGH
Maclean’s Magazine,http://www.macleans.ca/,-11,HIGH
Maine Beacon,http://mainebeacon.com/,-9,HIGH
MakeUseOf,https://www.makeuseof.com/,-2,HIGH
Malaysia Today,http://www.malaysia-today.net/,2,MIXED
Manchester Union Leader,http://www.unionleader.com/,19,MIXED
Manhattan Institute for Policy Research,http://www.manhattan-institute.org/,10,HIGH
Maplight,http://maplight.org/,-2,VERY HIGH
MarketWatch,http://www.marketwatch.com/,0,HIGH
Mashable,http://mashable.com/,-20,HIGH
McClatchyDC,http://www.mcclatchydc.com/,-4,HIGH
Mean Left Hook,http://meanlefthook.com/,-28,MIXED
Media Circus,https://www.mediacircus.com/,30,MIXED
Media Equalizer,https://mediaequalizer.com/,29,MIXED
Media Matters,http://mediamatters.org/,-24,HIGH
Media Research Center (MRC),http://www.mrc.org/,28,MIXED
MediaFile,http://www.mediafiledc.com,-12,HIGH
Mediaite,http://www.mediaite.com/,-23,HIGH
MediaShift,http://mediashift.org/,-4,HIGH
Medium,https://medium.com/,-12,MIXED
Meduza,https://meduza.io/en,-19,HIGH
Mehr News Agency,https://en.mehrnews.com,23,MIXED
Memeorandum,http://www.memeorandum.com/,-4,MIXED
Mental Floss,http://mentalfloss.com/,-2,HIGH
Mercatornet,https://www.mercatornet.com,28,HIGH
MercoPress,http://en.mercopress.com/,-1,HIGH
Merion West,http://merionwest.com/,5,HIGH
Merry Jane,https://www.merryjane.com/,-20,HIGH
Metabunk,https://www.metabunk.org/,-3,HIGH
Metro UK,http://metro.co.uk/,-14,HIGH
Metro,http://www.metro.us/,-10,HIGH
Mexico Daily News,http://mexiconewsdaily.com/,-13,HIGH
Miami Herald,http://www.miamiherald.com/,-10,HIGH
Miami New Times,http://www.miaminewtimes.com/,-23,HIGH
Mic,https://mic.com/,-14,HIGH
Middle East Monitor,https://www.middleeastmonitor.com/,-21,MIXED
Migration Policy Institute,https://www.migrationpolicy.org,-10,HIGH
Military Times,http://www.militarytimes.com/,8,HIGH
Military.com,http://www.military.com/,3,HIGH
Milwaukee Journal-Sentinel,http://www.jsonline.com/,-9,HIGH
Minneapolis Star Tribune,http://www.startribune.com/,-9,HIGH
Minnesota Public Radio (MPR),https://www.mprnews.org/,-11,HIGH
MinnPost,https://www.minnpost.com,-11,HIGH
Mint Press News,http://www.mintpressnews.com/,-16,MIXED
Mises Daily,https://mises.org/,16,MIXED
Missoulian,http://missoulian.com/,-3,HIGH
MLive (Michigan – Booth Newspapers),http://www.mlive.com/,-1,HIGH
Modern Liberals,http://modernliberals.com/,-29,MIXED
Molad The Center for the Renewal of Israeli Democracy,http://www.molad.org/en/,-20,HIGH
Mondoweiss,http://mondoweiss.net/,-18,HIGH
Mongabay,https://news.mongabay.com,-12,HIGH
Montana Standard,http://mtstandard.com,-3,HIGH
Monthly Review,http://monthlyreview.org/,-13,HIGH
Montreal Gazette,http://montrealgazette.com/,-12,HIGH
Moon of Alabama,http://www.moonofalabama.org/,-26,MIXED
Morning Consult,https://morningconsult.com/,-13,HIGH
Moscow Times,https://themoscowtimes.com/,-14,HIGH
Mother Jones,http://www.motherjones.com/,-23,HIGH
Mother Nature Network,https://www.mnn.com,-15,HIGH
Mountain Democrat,https://www.mtdemocrat.com,-8,HIGH
Move On,http://front.moveon.org/,-29,MIXED
Ms. (Magazine),http://www.msmagazine.com/,-20,HIGH
MSN.com,http://www.msn.com/,-9,HIGH
MSNBC,http://www.msnbc.com/,-24,MIXED
Muncie Voice,http://www.muncievoice.com/,-15,HIGH
MWC News – Media With Conscience,http://mwcnews.net/,-12,HIGH
MyNorthwest,http://mynorthwest.com,12,HIGH
Naked Capitalism,http://www.nakedcapitalism.com/,-12,HIGH
Nap-Sack,http://nap-sack.org/,-18,MIXED
Napa Valley Register,http://napavalleyregister.com,2,HIGH
Nation of Change,http://www.nationofchange.org/,-23,MIXED
National Affairs Magazine,https://www.nationalaffairs.com,9,HIGH
National Association for the Advancement of Colored People (NAACP),http://www.naacp.org/,-17,HIGH
National Bureau of Economic Research (NBER),http://www.nber.org/,1,HIGH
National Center for Public Policy Research (NCPPR),http://www.nationalcenter.org/,28,MIXED
National Center for Transgender Equality (NCTE),https://transequality.org,-15,HIGH
National Institute on Money in State Politics,https://www.followthemoney.org/,-4,HIGH
National Interest,http://nationalinterest.org/,6,HIGH
National Journal,https://www.nationaljournal.com/,-4,HIGH
National Monitor,http://natmonitor.com/,-15,HIGH
National Newswatch,http://www.nationalnewswatch.com/,-8,HIGH
National Observer (Canada),http://www.nationalobserver.com/,-15,HIGH
National Post,http://www.nationalpost.com/index.html,13,HIGH
National Review,http://www.nationalreview.com/,26,MIXED
National Rifle Association (NRA),https://home.nra.org/,30,MIXED
National Youth Rights Association,http://www.youthrights.org/,-8,HIGH
NationMaster,http://www.nationmaster.com,-1,VERY HIGH
Natural Resource Governance Institute,http://www.resourcegovernance.org/,-11,HIGH
Natural Resources Defense Council,https://www.nrdc.org/,-14,HIGH
Nature Conservancy,https://www.nature.org,-9,HIGH
NBC News,http://www.nbcnews.com/,-14,HIGH
NC Policy Watch,http://www.ncpolicywatch.com/,-14,HIGH
NDTV,https://www.ndtv.com/,-12,HIGH
Need 2 Know,http://theneed2know.com/,-5,HIGH
Netherlands Radio and Television Association (NOS),https://nos.nl,7,HIGH
New America,https://www.newamerica.org/,-3,HIGH
New Bern Sun Journal,http://www.newbernsj.com/,-4,HIGH
New Boston Post,http://newbostonpost.com,24,MIXED
New England Cable News (NECN),http://www.necn.com/,-9,HIGH
New Europe,https://www.neweurope.eu/,-13,HIGH
New Internationalist,https://newint.org/,-22,HIGH
New Left Review,https://newleftreview.org/,-14,HIGH
New Matilda,https://newmatilda.com/,-13,HIGH
New Moderate,https://newmoderate.com/,-11,HIGH
New Politics Magazine,http://newpol.org/,-19,HIGH
New Republic,https://newrepublic.com/,-20,HIGH
New Revolution Now,http://www.newrevolutionnow.org/,22,HIGH
New Statesman,http://www.newstatesman.com/,-22,HIGH
New York Daily News,http://www.nydailynews.com/,-15,MIXED
New York Magazine,http://nymag.com/,-22,HIGH
New York Observer,http://observer.com/,20,HIGH
New York Post,http://nypost.com/,17,MIXED
New York Times,https://www.nytimes.com/,-12,HIGH
New Yorker,http://www.newyorker.com/,-23,HIGH
New Zealand Herald,http://www.nzherald.co.nz,1,HIGH
News and Guts,https://www.newsandgutsmedia.com/,-13,HIGH
News Channel 4 (KFOR.com),http://kfor.com/,-8,HIGH
News Corpse,http://newscorpse.com/,-29,MIXED
News Deeply,https://www.newsdeeply.com,-16,HIGH
News Heist,http://newsheist.com/,12,MIXED
News Lookup,http://www.newslookup.com,-1,HIGH
News Rescue,http://newsrescue.com/,11,HIGH
News-Gazette,http://www.news-gazette.com/,8,HIGH
News.com.au,http://www.news.com.au/,-12,HIGH
News24 (South Africa),http://www.news24.com/,2,HIGH
Newsbusters,http://www.newsbusters.org/,30,MIXED
Newsday,http://www.newsday.com/,-15,HIGH
Newsela,https://newsela.com/,-3,HIGH
Newser,http://www.newser.com,-9,HIGH
NewsGru,https://newsgru.com,-15,MIXED
NewsHounds,http://www.newshounds.us/,-25,MIXED
Newsline,https://newsline.com/,12,MIXED
NewsLogue,http://www.newslogue.com/,-28,MIXED
Newsmax,http://www.newsmax.com/,26,MIXED
NewsNow (UK),http://www.newsnow.co.uk/h/,-3,MIXED
NewsOne,https://newsone.com/,-16,HIGH
Newsweek,http://www.newsweek.com/,-23,MIXED
Newsy,http://www.newsy.com/,-10,HIGH
Next Avenue,http://www.nextavenue.org/,-5,HIGH
Next News Network,http://nextnewsnetwork.com/,30,MIXED
NextGov,http://www.nextgov.com/,-2,HIGH
NHK World,https://www3.nhk.or.jp/nhkworld/,-2,HIGH
Niskanen Center,https://niskanencenter.org,-5,HIGH
NK News,https://www.nknews.org,-4,HIGH
No Labels,https://www.nolabels.org/,-3,HIGH
Noozhawk,https://www.noozhawk.com/,-4,HIGH
North Korea Times,http://www.northkoreatimes.com,-3,MIXED
North99,https://north99.org/,-24,HIGH
Northwest Indiana Times,http://www.nwitimes.com,2,HIGH
Not Liberal,http://notliberal.com,29,MIXED
Nova Magazine,https://www.nova-magazine.net,-29,MIXED
Novinite,http://www.novinite.com/,-4,HIGH
Now Magazine,https://nowtoronto.com/,-18,HIGH
NowThis News,https://nowthisnews.com/,-23,MIXED
NPR (National Public Radio),http://www.npr.org/sections/news/,-9,VERY HIGH
NTD.TV (New Tang Dynasty),http://www.ntd.tv/,14,HIGH
NTK Network,https://ntknetwork.com,27,MIXED
Numbers USA,https://www.numbersusa.com/,29,MIXED
OC Weekly,http://www.ocweekly.com/,-12,HIGH
Odessa American,http://www.oaoa.com,10,HIGH
Offended America,http://offendedamerica.com/,29,MIXED
Offgrid Survival,https://offgridsurvival.com/,29,MIXED
Oil and Water Don’t Mix,http://www.oilandwaterdontmix.org/,-8,HIGH
Oil Price,http://oilprice.com/,8,HIGH
Omaha World-Herald,http://www.omaha.com/,10,HIGH
One America News Network,http://www.oann.com/,29,MIXED
One Green Planet,http://www.onegreenplanet.org,-27,MIXED
OneEighty,http://180report.com/,-1,MIXED
OneIndia,https://www.oneindia.com/,-12,MIXED
OneNewsNow,http://www.onenewsnow.com/,29,MIXED
Ontario Proud,https://www.ontarioproud.ca,24,HIGH
OpEdNews (OEN),https://www.opednews.com/,-27,MIXED
Open the Government,http://www.openthegovernment.org/,-3,HIGH
openDemocracy,https://www.opendemocracy.net/,-15,HIGH
Opposing Views,http://www.opposingviews.com/,-14,HIGH
OpsLens,http://www.opslens.com/,30,MIXED
Orange County Register,http://www.ocregister.com/,11,HIGH
Oregonian,http://www.oregonlive.com/#/0,12,HIGH
Orlando Sentinel,http://www.orlandosentinel.com/,10,HIGH
Ottawa Citizen,http://ottawacitizen.com/,10,HIGH
Our Voice NY,https://ourvoiceny.com,-25,HIGH
Our World In Data,https://ourworldindata.org,-8,HIGH
Outside The Beltway,http://www.outsidethebeltway.com/,-11,HIGH
Oyez Project,https://www.oyez.org,-1,VERY HIGH
Ozy Media,http://www.ozy.com/,-13,HIGH
Pacific Daily News,https://www.guampdn.com/,-3,HIGH
Pacific Research Institute,http://www.pacificresearch.org/home/,9,HIGH
Pacific Standard Magazine,https://psmag.com/,-10,HIGH
Palmer Report,http://www.palmerreport.com/,-27,MIXED
PanAm Post,https://panampost.com/,-12,HIGH
Parallax News (PXW),http://parallax.news/,0,HIGH
Paste Magazine,https://www.pastemagazine.com/,-21,HIGH
Patch,https://patch.com/,-2,HIGH
Patheos,http://www.patheos.com/,-1,MIXED
Patriot News Daily,http://patriotnewsdaily.com/,30,MIXED
Patriotic Millionaires,https://patrioticmillionaires.org,-12,HIGH
PatriotRetort.com,http://patriotretort.com,28,MIXED
PBS News Hour,http://www.pbs.org/newshour/,-10,HIGH
Peacock Panache,http://www.peacock-panache.com,-27,HIGH
Peninsula Daily News,http://www.peninsuladailynews.com/,8,HIGH
Pensacola News Journal,https://www.pnj.com,-4,HIGH
People for the American Way (PFAW),http://www.pfaw.org,-19,HIGH
People Magazine,http://people.com/politics/,-20,HIGH
Peterson Foundation,http://www.pgpf.org/,1,HIGH
Peterson Institute for International Economics,https://piie.com/,2,HIGH
Pew Research,http://www.pewresearch.org/,-1,VERY HIGH
Philadelphia Inquirer,http://www.philly.com/inquirer/,-11,HIGH
Philadelphia Tribune,http://www.phillytrib.com/,-11,HIGH
Philippine Daily Inquirer,https://www.inquirer.net/,-8,HIGH
Phoenix New Times,http://www.phoenixnewtimes.com/,-16,HIGH
PINAC,https://photographyisnotacrime.com/,-18,HIGH
Pink News,http://www.pinknews.co.uk/home/,-20,HIGH
Pittsburgh Post-Gazette,http://www.post-gazette.com/,7,HIGH
Pittsburgh Tribune Review,http://triblive.com/,10,HIGH
PJ Media,https://pjmedia.com/,24,MIXED
Places Journal,https://placesjournal.org/,-3,VERY HIGH
Pluralist,https://www.pluralist.com,-11,HIGH
Policy Review,http://www.hoover.org/publications/policy-review,22,HIGH
PolicyEd,https://www.policyed.org/,16,HIGH
Political Critique,http://politicalcritique.org/,-13,HIGH
Political Dig,http://politicaldig.com/,-28,MIXED
Political Insider,http://www.thepoliticalinsider.com/,29,MIXED
Political Storm,http://www.politicalstorm.com/,5,HIGH
Political Updater,http://politicalupdater.com/,-23,MIXED
Politichicks,http://politichicks.com/,30,MIXED
Politico,http://www.politico.com/,-15,HIGH
Politics That Work,http://politicsthatwork.com/,-15,HIGH
PoliticsNote,http://politicsnote.com,30,MIXED
PoliticusUSA,http://www.politicususa.com/,-23,HIGH
Politifact,http://www.politifact.com/,-4,HIGH
Politifeed,http://politifeed.net,30,MIXED
Politisite,http://politi.site,24,HIGH
Polygraph.info,http://www.polygraph.info/,-2,VERY HIGH
Popular Resistance,https://popularresistance.org/,-21,MIXED
Population Connection,http://www.populationconnection.org,-15,HIGH
Populist Wire,https://www.populistwire.com,28,MIXED
Portland Press-Herald,http://www.pressherald.com/,-7,HIGH
Positive News,https://www.positive.news,-12,HIGH
Post-Bulletin,http://www.postbulletin.com/,6,HIGH
Power Line,http://www.powerlineblog.com/,24,HIGH
Poynter Institute,http://www.poynter.org/,-4,VERY HIGH
PR Newswire,http://prnewswire.mediaroom.com/,-1,HIGH
Pravda Report,http://www.pravdareport.com/,-27,MIXED
Press Progress,https://www.pressprogress.ca/,-20,HIGH
Press TV,http://www.presstv.com/,-10,MIXED
ProCon.org,https://www.procon.org/,-2,HIGH
Progressive Army,http://progressivearmy.com,-22,HIGH
Progressive Liberal,https://www.progressiveliberal.net,-26,MIXED
Project Censored,http://projectcensored.org/,-19,HIGH
Project on Government Oversight,http://pogo.org/,-4,VERY HIGH
Project Syndicate,https://www.project-syndicate.org/,-2,HIGH
Project Veritas,http://projectveritas.com/,30,MIXED
Propublica,https://www.propublica.org/,-13,HIGH
Prospect Magazine,http://www.prospectmagazine.co.uk/,-11,HIGH
Proud Conservatives,http://conservativesus.party,30,MIXED
Proud Democrat,http://proudemocrat.com/,-24,MIXED
Public Citizen,https://www.citizen.org/,-13,HIGH
Public Interest Legal Foundation,https://publicinterestlegal.org/,23,MIXED
Public Policy Polling (PPP),http://www.publicpolicypolling.com/,0,VERY HIGH
Public Radio International (PRI),http://www.pri.org/,-13,HIGH
Public Religion Research Institute (PRRI),http://www.prri.org/,2,VERY HIGH
PunchingBag Post,http://punchingbagpost.com/,13,HIGH
PutinTrump.org,http://putintrump.org/,-20,HIGH
Quad City Times,http://qctimes.com/,-4,HIGH
Quadrant Magazine,https://quadrant.org.au,27,MIXED
Quartz,http://qz.com/,-11,HIGH
Queerty,https://www.queerty.com,-20,HIGH
Quillette,http://quillette.com/,11,HIGH
R Street Institute,http://www.rstreet.org/,10,HIGH
Rabble.ca,http://rabble.ca/,-25,HIGH
Radio Free Asia,http://www.rfa.org/english/,-7,HIGH
Radio Free Europe / Radio Liberty,https://www.rferl.org,-2,HIGH
Raleigh News and Observer,http://www.newsobserver.com/,-9,HIGH
Rand Corporation,https://www.rand.org,-4,HIGH
Rantt Media,https://rantt.com,-19,HIGH
Rapid City Journal,http://rapidcityjournal.com,-3,HIGH
Rappler,http://www.rappler.com/,-18,MIXED
Rare News,http://rare.us/,9,HIGH
Rasmussen Reports,http://www.rasmussenreports.com/,7,HIGH
RationalWiki,http://rationalwiki.org/wiki/Main_Page,-11,HIGH
Raw Progressive,http://www.rawprogressive.com/,-29,MIXED
Raw Story,http://www.rawstory.com/,-23,MIXED
Reader Supported News (RSN),http://readersupportednews.org,-22,MIXED
Reader’s Digest,https://www.rd.com,20,MIXED
Reading the Pictures,http://www.readingthepictures.org,-20,HIGH
Reagan Battalion,http://www.thereaganbattalion.com,17,MIXED
Real Clear Defense,http://www.realcleardefense.com/,10,HIGH
Real Clear Investigations,http://www.realclearinvestigations.com/,15,MIXED
Real Clear Policy,http://www.realclearpolicy.com/,9,HIGH
Real Clear Politics,http://www.realclearpolitics.com/,9,HIGH
Real News Network,http://therealnews.com/t2/,-19,HIGH
RealClearReligion,https://www.realclearreligion.org,9,HIGH
Reason,http://reason.com/,14,HIGH
Recode,https://www.recode.net/,-1,HIGH
Red Alert Politics,http://redalertpolitics.com/,23,MIXED
Red Flag News,http://www.redflagnews.com/,30,MIXED
Red Pepper,http://www.redpepper.org.uk/,-29,HIGH
Red River Valley News,http://www.valleynewslive.com/,8,HIGH
Red State Disaster,https://redstatedisaster.com,-23,HIGH
Red Youth,https://redyouth.org/,-26,MIXED
Regated News,https://regated.com/,29,MIXED
Regulation Magazine,http://www.cato.org/regulation/,16,MIXED
Relevant Magazine,https://relevantmagazine.com,3,HIGH
Religion News Service (RNS),http://religionnews.com,-11,HIGH
Remington Research Group,https://remingtonresearchgroup.com,6,HIGH
RenewedRight.com,https://renewedright.com,29,MIXED
Reporters Lab,http://reporterslab.org/,-1,VERY HIGH
Reporters Without Borders,https://rsf.org/en,-5,HIGH
Represent.Us,https://represent.us/,-5,HIGH
Republic World,http://www.republicworld.com/,-14,MIXED
Republicans Suck,http://republicanssucks.org,-29,MIXED
Resilience (Post Carbon Institute),https://www.resilience.org,-27,MIXED
Resistance Media,http://www.resistancemedia.org/,24,MIXED
Restore American Glory,http://www.restoreamericanglory.com/,26,HIGH
Reuters,http://www.reuters.com/,-3,VERY HIGH
Revcom.us,http://revcom.us/,-29,MIXED
Reveal – Center for Investigative Reporting,https://www.revealnews.org/,-7,HIGH
Reverb Press,http://reverbpress.news/,-22,HIGH
Revere Press,http://reverepress.com,-27,HIGH
Revolution News,http://revolution-news.com/,-20,HIGH
Rewire,https://rewire.news/,-18,HIGH
Richmond Times-Dispatch,http://www.richmond.com/,10,HIGH
Richochet,https://ricochet.com,26,MIXED
Right Web,http://rightweb.irc-online.org,-13,HIGH
Right Wing Watch,http://www.rightwingwatch.org/,-26,MIXED
Ring of Fire,https://trofire.com/,-27,HIGH
RiverBender.com,https://www.riverbender.com/,-2,HIGH
Roanoke Times,http://www.roanoke.com/,-8,HIGH
Roll Call,http://www.rollcall.com/,-4,VERY HIGH
Rolling Stone,http://www.rollingstone.com/,-16,HIGH
Ron Paul Liberty Report,http://www.ronpaullibertyreport.com/,21,MIXED
Roosevelt Institute,http://rooseveltinstitute.org/,-12,HIGH
RT News,https://www.rt.com/news/,13,MIXED
RTE (Radio Television of Ireland),https://www.rte.ie,-3,HIGH
Rudaw,http://rudaw.net/english,-10,HIGH
Russia Insider,http://russia-insider.com/en,17,MIXED
Russian Media Monitor,http://www.russialies.com,-5,HIGH
Russian News Agency-TASS,http://tass.com/,10,HIGH
Sacramento Bee,http://www.sacbee.com/,-11,HIGH
Salem Radio Network News (SRN News),http://www.srnnews.com/,8,HIGH
Salon,http://www.salon.com/,-25,HIGH
Salt Lake Tribune,http://www.sltrib.com/,-10,HIGH
San Antonio Express-News,http://www.mysanantonio.com/,-9,HIGH
San Bernardino Sun,https://www.sbsun.com,9,HIGH
San Diego Free Press,https://sandiegofreepress.org/,-15,HIGH
San Diego Reader,https://www.sandiegoreader.com,-14,HIGH
San Diego Union Tribune,http://www.sandiegouniontribune.com/,-5,HIGH
San Francisco Chronicle,http://www.sfchronicle.com/,-14,HIGH
San Francisco Examiner,http://www.sfexaminer.com,-13,HIGH
San Francisco Globe,https://sfglobe.com/,-11,MIXED
San Jose Mercury News,http://www.mercurynews.com/,-13,HIGH
Santa Barbara Independent,http://www.independent.com/,-12,HIGH
Santa Maria Times,http://santamariatimes.com,2,HIGH
Sarasota Herald-Tribune,http://www.heraldtribune.com/,-3,HIGH
Saskatoon StarPhoenix,http://thestarphoenix.com/,12,HIGH
Saudi Gazette,http://saudigazette.com.sa,-8,HIGH
Savannah Morning News,http://savannahnow.com/,10,HIGH
Save Jersey,https://savejersey.com,24,HIGH
Sayfie Review,http://www.sayfiereview.com/,-1,HIGH
Scary Mommy,http://www.scarymommy.com/,-18,HIGH
Science Debate,http://sciencedebate.org/,-3,VERY HIGH
Scoopnest,http://www.scoopnest.com/,-1,HIGH
ScoopWhoop,https://www.scoopwhoop.com,-17,MIXED
SCOTUSblog,http://www.scotusblog.com/,-3,HIGH
Scroll.in,https://scroll.in/,-10,HIGH
Seattle Post-Intelligencer,http://www.seattlepi.com/,-13,HIGH
Seattle Times,http://www.seattletimes.com/,-14,HIGH
Second Nexus,http://secondnexus.com/,-15,MIXED
Secure America Now,http://www.secureamericanow.org/,22,MIXED
Sentencing Project,https://www.sentencingproject.org/,-15,HIGH
Sentinel KSMO,https://sentinelksmo.org,28,MIXED
SFGate,http://www.sfgate.com/,-14,HIGH
Shadow Proof,https://shadowproof.com,-26,HIGH
Shame Project,http://shameproject.com/,-12,HIGH
Shareably,http://www.shareably.net/,0,HIGH
Shareblue,http://shareblue.com/,-29,MIXED
Shorenstein Center,https://shorensteincenter.org/,-3,HIGH
Silence is Consent,http://silenceisconsent.net/,30,MIXED
Simple Politics,http://www.simplepolitics.co.uk,0,HIGH
Sinclair Broadcast Group,http://sbgi.net/,23,MIXED
Sioux City Journal,http://siouxcityjournal.com/,-4,HIGH
Sky News,http://news.sky.com/,-12,HIGH
Slate,http://www.slate.com/,-23,HIGH
SmartNews,https://www.smartnews.com/en/,-4,MIXED
Smirking Chimp,http://www.smirkingchimp.com/,-22,HIGH
Snopes,http://www.snopes.com/,-3,HIGH
Socialist Standard,http://www.worldsocialism.org/spgb/,-24,HIGH
SocialistWorker.org,https://socialistworker.org/,-27,HIGH
SOFREP,https://sofrep.com/,11,HIGH
Sojourners (Soho),https://sojo.net/,-12,HIGH
Sonoran News,http://sonorannews.com/,24,MIXED
SooToday.com,https://www.sootoday.com/,-13,HIGH
SourceWatch,http://www.sourcewatch.org/index.php/SourceWatch,-20,HIGH
South Bend Tribune,https://www.southbendtribune.com/,-4,HIGH
South China Morning Post,http://www.scmp.com/,-4,HIGH
South Florida Sun-Sentinel,http://www.sun-sentinel.com/,8,HIGH
Southern Poverty Law Center,https://www.splcenter.org/,-11,HIGH
Sparks/CnnTimes,http://www.cnntimes.online/,-29,MIXED
Special Broadcasting Service (SBS),http://www.sbs.com.au/,-8,HIGH
Spectrum News – NY1,http://www.ny1.com/nyc/all-boroughs,-3,HIGH
Spectrum Report,http://spectrumreport.com,-1,MIXED
Spiegel Online,http://www.spiegel.de/international/,-11,HIGH
Spiked Magazine,http://spiked-online.com/,21,MIXED
Splinter,https://splinternews.com,-27,MIXED
Sputnik News,http://sputniknews.com/,14,MIXED
St. Cloud Times,http://www.sctimes.com/,-4,HIGH
St. Louis Post-Dispatch,http://www.stltoday.com/,-10,HIGH
St. Paul Pioneer Press,http://www.twincities.com/,-8,HIGH
St. Pete for Peace,https://www.stpete4peace.org/,-19,HIGH
Standpoint Magazine,http://www.standpointmag.co.uk,29,MIXED
Star-Ledger,http://www.nj.com/starledger/,-14,HIGH
Stars and Stripes,https://www.stripes.com/,0,HIGH
Stat (News),https://www.statnews.com/,-4,HIGH
Staten Island Advance,http://www.silive.com/,-11,HIGH
Statesman Journal,http://www.statesmanjournal.com/,8,HIGH
StepFeed,https://stepfeed.com,-16,MIXED
Stimson Center,http://stimson.org/,-1,HIGH
Stock News USA,https://stocknewsusa.com,-4,HIGH
Stocks News Daily,http://stocksnewsdaily.com/,-15,MIXED
StopFake,http://www.stopfake.org/,-12,HIGH
Strategic Culture Foundation,http://www.strategic-culture.org/,11,HIGH
StrategyPage,https://www.strategypage.com,2,HIGH
Stratfor,https://www.stratfor.com/,-3,HIGH
Student Daily News,https://www.studentnewsdaily.com/,11,HIGH
Stuff,https://www.stuff.co.nz/,-9,HIGH
Sunlight Foundation,http://sunlightfoundation.com/,-1,VERY HIGH
Swarajya,https://swarajyamag.com/,11,HIGH
SWI – Swissinfo.ch,https://www.swissinfo.ch/,-8,HIGH
Syrian Observatory for Human Rights (SOHR),http://www.syriahr.com/en/,-14,HIGH
Syriana Analysis,http://www.syriana-analysis.com,-19,MIXED
Tablet Magazine,http://www.tabletmag.com/,-14,HIGH
Taipei Times,http://www.taipeitimes.com/,-4,HIGH
Taiwan News,https://www.taiwannews.com.tw/,-4,HIGH
TakePart,http://www.takepart.com/,-22,HIGH
Talking Points Memo,http://talkingpointsmemo.com/,-21,HIGH
Tallahassee Democrat,http://www.tallahassee.com/,7,HIGH
Tampa Bay Times,http://www.tampabay.com/,-11,HIGH
Tampa Tribune,http://www.tbo.com/,13,HIGH
Task and Purpose,http://taskandpurpose.com/,-4,HIGH
Tasnim News Agency,https://www.tasnimnews.com/en,26,MIXED
Tax Foundation,http://taxfoundation.org/,7,VERY HIGH
Tax Justice Network,https://www.taxjustice.net/,-11,HIGH
Tax Policy Center,http://www.taxpolicycenter.org,-8,HIGH
Tea Party News (The Point),http://www.westernjournalism.com/thepoint/,30,MIXED
Tea Party Patriots,http://www.teapartypatriots.org/,20,HIGH
Tea Party Tribune,http://www.teapartytribune.com/,28,HIGH
TechCrunch,https://techcrunch.com,-14,HIGH
Techdirt,https://www.techdirt.com,-14,HIGH
Tehran Times,http://www.tehrantimes.com,22,MIXED
TeleSUR,http://www.telesurtv.net/english/,-19,MIXED
Texas Monthly,https://www.texasmonthly.com,-12,HIGH
Texas Standard,http://www.texasstandard.org/,-2,HIGH
Texas Tribune,https://www.texastribune.org/,-2,HIGH
Tharawat Magazine,http://www.tharawat-magazine.com/#gs.a9CcWpc,8,HIGH
That’s Nonsense,http://www.thatsnonsense.com/,-1,HIGH
The Advertiser,http://www.adelaidenow.com.au/,30,MIXED
The Age (Australia),http://www.theage.com.au/,-12,HIGH
The Algemeiner Journal,https://www.algemeiner.com/,14,HIGH
The American Cause,http://www.theamericancause.org/,30,MIXED
The American Conservative,http://www.theamericanconservative.com/,11,HIGH
The American Independent Institute,http://americanindependent.com/,-23,HIGH
The American Interest,http://www.the-american-interest.com/,11,HIGH
The American Prospect,http://prospect.org/,-23,HIGH
The Atlantic,https://www.theatlantic.com/,-12,HIGH
The Auburn Citizen,http://auburnpub.com/,-3,HIGH
The Augusta Chronicle,http://chronicle.augusta.com/,17,HIGH
The Austin Chronicle,https://www.austinchronicle.com,-20,HIGH
The Australian Financial Review,http://www.afr.com/,2,HIGH
The Australian,http://www.theaustralian.com.au/,12,HIGH
The Automatic Earth,https://www.theautomaticearth.com/,-9,HIGH
The Baffler,https://thebaffler.com/,-13,HIGH
The Balance,https://www.thebalance.com,-4,HIGH
The Bangkok Post,http://www.bangkokpost.com/,-5,HIGH
The Baxter Bulletin,https://www.baxterbulletin.com,-2,HIGH
The Belfer Center for Science and International Affairs,http://www.belfercenter.org/,1,HIGH
The Blacksphere (Kevin Jackson),http://theblacksphere.net/,28,MIXED
The Blaze,http://www.theblaze.com/,30,MIXED
The Blue Route,http://www.blue-route.org/blog/,-28,MIXED
The Budapest Beacon,https://budapestbeacon.com/,-15,HIGH
The Bureau of Investigative Journalism,https://www.thebureauinvestigates.com/,-4,HIGH
The Burning Spear,http://www.theburningspear.com/,-23,HIGH
The California Republican,http://carepublican.com,26,HIGH
The Canadian Press,http://www.thecanadianpress.com/,-4,HIGH
The Canary (UK),http://www.thecanary.co/,-23,HIGH
The Center on Budget and Policy Priorities,http://www.cbpp.org/,-10,HIGH
The Century Foundation,https://tcf.org/,-16,HIGH
The Chicago Reporter,http://chicagoreporter.com/,-16,HIGH
The China Post,http://www.chinapost.com.tw/,-3,HIGH
The Christian Left,http://www.thechristianleft.org/,-15,HIGH
The Chronicle Herald,http://thechronicleherald.ca/,11,MIXED
The Chronicle of Higher Education,http://www.chronicle.com/,-2,HIGH
The Cipher Brief,https://www.thecipherbrief.com/,1,HIGH
The Citizen Press,https://thecitizenpress.com,26,MIXED
The Citizen,https://www.thecitizen.org.au,-11,HIGH
The Climate Reality Project,https://www.climaterealityproject.org/,-18,HIGH
The College Fix,http://www.thecollegefix.com/,28,MIXED
The Conservative Nut,https://www.theconservativenut.gop,22,MIXED
The Conservative Woman,https://www.conservativewoman.co.uk,30,MIXED
The Conversation,https://theconversation.com/us,-4,HIGH
The Council of Canadians,https://canadians.org/,-13,HIGH
The Courier Mail,http://www.couriermail.com.au/,14,HIGH
The Courier-Journal,http://www.courier-journal.com/,-10,HIGH
The Daily Banter,http://thedailybanter.com/,-23,HIGH
The Daily Buzz,http://the-daily.buzz/,-19,HIGH
The Daily Citizen (Dalton),http://www.daltondailycitizen.com/,7,HIGH
The Daily Climate,http://www.dailyclimate.org/,-12,HIGH
The Daily Defender,http://thedailydefender.com/,27,MIXED
The Daily Gazette,https://dailygazette.com,-4,HIGH
The Daily Liberator,http://www.thedailyliberator.com/,24,MIXED
The Daily News (Longview),https://tdn.com,-5,HIGH
The Daily News (Longview),https://tdn.com,-5,HIGH
The Daily Northwestern,https://dailynorthwestern.com,-4,HIGH
The Daily Progress,http://www.dailyprogress.com,-2,HIGH
The Daily Tarheel,http://www.dailytarheel.com/,-12,HIGH
The Daily Telegraph (Australia),http://www.dailytelegraph.com.au/,22,MIXED
The Daily Vox,https://www.thedailyvox.co.za/,-21,HIGH
The Daily Wire,http://www.dailywire.com/,29,MIXED
The Day (New London),http://www.theday.com,-3,HIGH
The Defcon Warning System,https://www.defconwarningsystem.com,1,HIGH
The Democratic Hub,http://www.democratichub.com/,-28,MIXED
The Des Moines Register,http://www.desmoinesregister.com/,-4,HIGH
The Diplomat Magazine,http://thediplomat.com/,0,HIGH
The EC Journal,https://www.theecjournal.com/,8,MIXED
The Economic Times,http://economictimes.indiatimes.com/,-8,HIGH
The Economist,http://www.economist.com/,1,HIGH
The Elkhart Truth,http://www.elkharttruth.com,-2,HIGH
The Epoch Times,http://www.theepochtimes.com/,13,HIGH
The Establishment,https://theestablishment.co,-23,HIGH
The European Council on Foreign Relations (ECFR),http://www.ecfr.eu/,-14,HIGH
The Fake News Codex,http://www.fakenewscodex.com/,-1,HIGH
The Federalist,http://thefederalist.com/,27,HIGH
The Fifth Column,http://thefifthcolumnnews.com/,-15,MIXED
The Fiscal Times,http://www.thefiscaltimes.com/,11,HIGH
The Florida Squeeze,https://thefloridasqueeze.com/,-21,MIXED
The Forward,http://forward.com/,-12,HIGH
The Frisky,http://www.thefrisky.com/,-20,HIGH
The Fucking News,http://thefingnews.com/,-23,HIGH
The Gazette (Cedar Rapids),http://www.thegazette.com/,11,HIGH
The Globe and Mail,http://www.theglobeandmail.com/,7,HIGH
The Guardian,https://www.theguardian.com/us,-14,HIGH
The Hartford Courant,http://www.courant.com/,-12,HIGH
The Hayride,http://thehayride.com/,28,HIGH
The Herald (Everett),http://www.heraldnet.com/,-8,HIGH
The Herald Journal (Utah),https://news.hjnews.com/,0,HIGH
The Herald-Sun (Durham/North Carolina),https://www.heraldsun.com,-5,HIGH
The Hill,http://thehill.com/,-8,HIGH
The Hindu Business Line,http://www.thehindubusinessline.com/,7,HIGH
The Hindu,http://newsite.thehindu.com/,-8,HIGH
The Humanist Magazine,https://thehumanist.com/,-5,HIGH
The Independent Review,http://www.independent.org/,6,HIGH
The Independent,http://www.independent.co.uk/us,-15,HIGH
The Indian Express,http://indianexpress.com/,-3,HIGH
The Intellectualist,https://theintellectualist.co/,-20,HIGH
The Intercept,https://theintercept.com/,-17,HIGH
The Irish Times,http://www.irishtimes.com/,-8,HIGH
The Irrawaddy,http://www.irrawaddy.com/,-13,HIGH
The Jack News,https://www.thejacknews.com,9,HIGH
The Jakarta Post,http://www.thejakartapost.com/,-2,HIGH
The Jamestown Foundation,http://www.jamestown.org/,11,HIGH
The Japan News,http://the-japan-news.com/,8,HIGH
The Jerusalem Post,http://www.jpost.com/,-3,HIGH
The Jerusalem Report,http://www.jpost.com/Jerusalem-Report,-12,HIGH
The Jewish Press,http://www.jewishpress.com/,9,HIGH
The Jordan Times,http://www.jordantimes.com/,-4,HIGH
The Journal News,http://www.lohud.com/,-12,HIGH
The Knife,http://theknifemedia.com/,1,HIGH
The Korea Times,http://www.koreatimes.co.kr,-13,MIXED
The Last Refuge (Conservative Treehouse),https://theconservativetreehouse.com/,30,MIXED
The Libertarian Republic,http://thelibertarianrepublic.com/,14,HIGH
The Lily,https://www.thelily.com/,-18,HIGH
The Local (Norway),http://www.thelocal.no/,-12,HIGH
The London Economic,https://www.thelondoneconomic.com,-28,MIXED
The Manila Times,http://www.manilatimes.net/news/,10,HIGH
The Marshall Project,https://www.themarshallproject.org/#.qjbbuljBK,-3,HIGH
The Mary Sue,https://www.themarysue.com,-21,HIGH
The Meme Policeman,http://memepoliceman.com/,2,HIGH
The Middle East in London,http://www.soas.ac.uk/lmei/meil/,3,HIGH
The Militant,http://www.themilitant.com/,-19,HIGH
The Millennial Review,https://themilreview.com/,26,HIGH
The Moderate Voice,http://themoderatevoice.com/,-3,HIGH
The Monthly (Australia),https://www.themonthly.com.au/,-11,HIGH
The Morning Call,http://www.mcall.com,-3,HIGH
The Morning Star,http://www.morningstaronline.co.uk/,-22,HIGH
The Nation Institute,http://www.nationinstitute.org/,-14,HIGH
The Nation Pakistan,http://nation.com.pk/,13,HIGH
The Nation,https://www.thenation.com/,-21,HIGH
The National (UAE),http://www.thenational.ae/,9,HIGH
The National Memo,http://www.nationalmemo.com/,-22,HIGH
The Nevada Independent,https://thenevadaindependent.com,-13,HIGH
The New American,http://www.thenewamerican.com/,23,MIXED
The New Arab,https://www.alaraby.co.uk/english,-14,HIGH
The New Atlantis,http://www.thenewatlantis.com/,9,HIGH
The New Civil Rights Movement,http://www.thenewcivilrightsmovement.com/,-26,MIXED
The New Tropic,https://thenewtropic.com,-14,HIGH
The Newly Press,http://newlypress.com,30,MIXED
The News (Mexico City),http://www.thenews.mx/,-3,HIGH
The News International,https://www.thenews.com.pk/,-4,HIGH
The News Lens,https://international.thenewslens.com/,7,HIGH
The News Literacy Project,http://www.thenewsliteracyproject.org/,-1,HIGH
The News Tribune,http://www.thenewstribune.com/,-10,HIGH
The News-Times (Danbury),https://www.newstimes.com/,-10,HIGH
The Next Web,https://thenextweb.com,-9,HIGH
The Objective Standard,https://www.theobjectivestandard.com,15,HIGH
The Observatory,https://observatory.journalism.wisc.edu/,-3,HIGH
The Observer (UK),https://www.theguardian.com/observer,-13,HIGH
The Odyssey Online,https://www.theodysseyonline.com,-16,MIXED
The Oklahoman,http://www.oklahoman.com/live,11,HIGH
The Olympian,http://www.theolympian.com,-11,HIGH
The Oslo Times,http://www.theoslotimes.com/,-12,HIGH
The Oslo Times,http://www.theoslotimes.com/,-12,HIGH
The Other 98%,http://other98.com/,-25,MIXED
The Outline,https://theoutline.com/,-19,HIGH
The Outlook (Monmouth University),http://outlook.monmouth.edu/,-4,HIGH
The Pantagraph,http://www.pantagraph.com/,-3,HIGH
The Patriot Post,https://patriotpost.us/,26,MIXED
The Patriot-News,http://www.pennlive.com/,-7,HIGH
The Phnom Penh Post,http://www.phnompenhpost.com/,-2,HIGH
The Plain Dealer,http://www.cleveland.com/plaindealer/,-12,HIGH
The Post and Courier,http://www.postandcourier.com/,2,HIGH
The Post and Email,http://www.thepostemail.com/,30,MIXED
The Post Millennial,https://www.thepostmillennial.com,23,HIGH
The Post Star,http://poststar.com,1,HIGH
The Press Democrat,http://www.pressdemocrat.com,-9,HIGH
The Press-Enterprise,http://www.pe.com/,11,HIGH
The Progressive Frontier,https://progressivefrontier.com,-29,MIXED
The Progressive,http://www.progressive.org/,-23,HIGH
The Providence Journal,http://www.providencejournal.com/,-12,HIGH
The Pulse,http://pulsegulfcoast.com/,-15,HIGH
The Quint,https://www.thequint.com/,11,MIXED
The RANTidote,http://therantidote.com/,24,MIXED
The Real Strategy,https://therealstrategy.com/,29,MIXED
The Reality-Based Community,http://www.samefacts.com/,-21,HIGH
The Rebel,http://www.therebel.media/,29,MIXED
The Record (New Jersey),http://www.northjersey.com/,-10,HIGH
The Resurgent,http://theresurgent.com/,27,MIXED
The Right Scoop,http://therightscoop.com/,27,MIXED
The Ringer,https://www.theringer.com,-12,HIGH
The Ron Paul Institute,http://www.ronpaulinstitute.org/,21,MIXED
The Root,http://www.theroot.com/,-22,HIGH
The Santa Fe New Mexican,http://www.santafenewmexican.com,-8,HIGH
The Saturday Paper,https://www.thesaturdaypaper.com.au/,-14,HIGH
The Scotsman,http://www.scotsman.com,-3,HIGH
The Sentinel (Pennsylvania),http://cumberlink.com,-3,HIGH
The Skimm,http://www.theskimm.com/,-4,HIGH
The Smoking Gun,http://www.thesmokinggun.com/,7,HIGH
The Sociable,https://sociable.co/,-3,HIGH
The Source Newspaper (La Source),http://thelasource.com/en/,-24,HIGH
The Southern Illinoisan,http://thesouthern.com,2,HIGH
The Spectator (UK),http://www.spectator.co.uk/,17,HIGH
The Spokesman-Review,http://www.spokesman.com/,6,HIGH
The Star Democrat,http://www.stardem.com,-4,HIGH
The State,http://www.thestate.com/,-12,HIGH
The Stern Facts,https://thesternfacts.com/,-27,MIXED
The Straits Times,http://www.straitstimes.com/global,10,HIGH
The Stranger,http://www.thestranger.com/,-17,HIGH
The Strategy Bridge,https://thestrategybridge.org,2,HIGH
The Sun Magazine,http://thesunmagazine.org/,-15,HIGH
The Sun Magazine,http://thesunmagazine.org/,-15,HIGH
The Sun,https://www.thesun.co.uk/,26,MIXED
The Swedish Wire,http://www.swedishwire.com/,-4,HIGH
The Sydney Morning Herald,http://www.smh.com.au/,-13,HIGH
The Tab,https://thetab.com/,-12,HIGH
The Tennessean,http://www.tennessean.com/,11,HIGH
The Tennessee Star,http://tennesseestar.com/,27,HIGH
The Texas Observer,https://www.texasobserver.org,-20,HIGH
The Times (Illinois),http://www.mywebtimes.com,0,HIGH
The Times and Democrat,http://thetandd.com,-5,HIGH
The Times Herald (Port Huron),https://www.thetimesherald.com,9,HIGH
The Times of London,http://www.thetimes.co.uk/,11,HIGH
The Times-Picayune,http://www.nola.com/#/0,-14,HIGH
The Trace,https://www.thetrace.org,-11,HIGH
The Truth About Guns,http://www.thetruthaboutguns.com/,22,HIGH
The TruthSetter,https://truthsetter.com,1,HIGH
The Tyee,https://thetyee.ca/,-15,HIGH
The Varsity,https://thevarsity.ca/,-9,HIGH
The Verge,http://www.theverge.com/,-13,HIGH
The Village Voice,http://www.villagevoice.com/,-19,HIGH
The Virginian-Pilot,http://pilotonline.com/,-7,HIGH
The Walrus,https://thewalrus.ca/,-22,HIGH
The Waterloo-Cedar Falls Courier,http://wcfcourier.com,-3,HIGH
The Week,http://theweek.com/,-13,HIGH
The West Australian,https://thewest.com.au/,12,HIGH
The Whim,http://www.thewhim.com/,-2,HIGH
The Wilderness Society,http://wilderness.org/,-11,HIGH
The Wire – India,https://thewire.in/,-8,HIGH
The World Can’t Wait,https://worldcantwait.net/,-24,HIGH
The Young Turks,https://tytnetwork.com/,-22,HIGH
The Zero Hour,http://www.thisisthezerohour.com/,-15,HIGH
TheGrio,http://thegrio.com/,-21,HIGH
TheImproper Magazine,https://www.theimproper.com,-25,HIGH
TheJournal.ie,http://www.thejournal.ie/,-4,HIGH
TheosWatch.com,http://theoswatch.com,-29,MIXED
TheWrap,https://www.thewrap.com,-2,MIXED
Think Progress,http://thinkprogress.org/,-26,MIXED
Third Way,http://www.thirdway.org/,-4,HIGH
This Magazine,https://this.org/,-22,HIGH
Thomson Reuters Foundation,http://news.trust.org/,-8,HIGH
ThoughtCo,https://www.thoughtco.com,-1,VERY HIGH
Time Magazine,http://time.com/,-17,HIGH
Timeline,https://timeline.com,-7,HIGH
Times Headline,http://www.timesheadline.com,-11,MIXED
Times News (Pennsylvania),https://www.tnonline.com,7,HIGH
Times of India,http://timesofindia.indiatimes.com/,-2,HIGH
Times of Israel,http://www.timesofisrael.com/,-10,HIGH
Times of San Diego,http://timesofsandiego.com/,-4,HIGH
Times of South Africa (Times Live),https://www.timeslive.co.za/,15,MIXED
Times-Colonist,http://www.timescolonist.com/,-13,HIGH
Times-News (Idaho),http://magicvalley.com/,-3,HIGH
To Inform is to Influence,https://toinformistoinfluence.com/,-12,HIGH
Today I Found Out,http://www.todayifoundout.com/,-1,HIGH
Toledo Blade,http://www.toledoblade.com/,6,HIGH
TomDispatch.com,http://www.tomdispatch.com/,-13,HIGH
Topeka Capital-Journal,http://www.cjonline.com/,7,HIGH
Toronto Star,https://www.thestar.com/,-17,HIGH
Toronto Sun,http://www.torontosun.com/,22,HIGH
Towleroad,http://www.towleroad.com/,-28,MIXED
Townhall,http://townhall.com/,24,MIXED
Transparency International,https://www.transparency.org/,-1,VERY HIGH
Transpartisan Review,http://www.transpartisanreview.com/,-3,HIGH
Tribune Magazine UK,http://www.tribunemagazine.org/,-22,HIGH
Tribune News Service,https://tribunecontentagency.com/tribune-news-service/,-3,HIGH
Tribunist,http://tribunist.com/,29,MIXED
TRT World,https://www.trtworld.com,23,MIXED
True Viral News,http://trueviralnews.com/,1,HIGH
Truth Against the Machine,https://truthagainstthemachine.com,-27,HIGH
Truth Be Told,http://truthbetold.news/,-3,HIGH
Truth Out,http://www.truth-out.org/,-29,MIXED
Truthdig,http://www.truthdig.com/,-23,HIGH
TruthOrFiction.com,https://www.truthorfiction.com/,-1,VERY HIGH
Tulsa World,http://www.tulsaworld.com/,11,HIGH
Turkey and Facts (Dogruluk Payi),https://turkeyandfacts.com/,-1,VERY HIGH
Turning Point USA,https://www.turningpoint.news/,29,MIXED
TVW Washington State,http://www.tvw.org/,-1,HIGH
Twitchy,http://twitchy.com/,30,MIXED
UAWire,https://uawire.org/,-13,MIXED
UN Watch,https://www.unwatch.org,26,MIXED
Unbiased America,http://www.unbiasedamerica.com/,24,MIXED
Undark,https://undark.org,-3,HIGH
Unicorn Riot,http://www.unicornriot.ninja/,-16,HIGH
United Federation of Teachers (UFT),http://www.uft.org/,-13,HIGH
United Press International (UPI),http://www.upi.com/,3,HIGH
United States House of Representatives (House.gov),https://www.house.gov/,-1,VERY HIGH
Unity News Network,https://unitynewsnetwork.co.uk,28,MIXED
University Business,https://www.universitybusiness.com/,-8,HIGH
Uproxx,http://uproxx.com/,-19,HIGH
Upworthy,https://www.upworthy.com/,-18,HIGH
Urban Institute,http://www.urban.org/,-14,HIGH
US Government Accountability Office (GAO),https://www.gao.gov,-1,HIGH
US News World Report,http://www.usnews.com/,-8,HIGH
US Political Post,http://theuspoliticalpost.com/,-28,MIXED
US Politics Info,https://uspoliticsinfo.com/,30,MIXED
US Uncut,http://usuncut.com/,-33,MIXED
USA Facts,http://www.usafacts.org/,-1,VERY HIGH
USA Politics Today,http://www.usapoliticstoday.com/,28,MIXED
USA Spending,https://www.usaspending.gov/,-1,VERY HIGH
USA Today,http://www.usatoday.com/,-9,HIGH
USSA News,http://ussanews.com,29,MIXED
Utah Public Radio (UPR),http://upr.org,-7,HIGH
Utah Standard-Examiner,http://www.standard.net/,1,HIGH
ValueWalk,http://www.valuewalk.com/,11,HIGH
Vancouver Sun,http://vancouversun.com/,-11,HIGH
Vanity Fair,http://www.vanityfair.com/,-21,HIGH
Vera Files,http://verafiles.org,-3,VERY HIGH
Verified Politics,http://verifiedpolitics.com,-26,HIGH
Vermont Independent,http://www.vermontindependent.org/,-23,MIXED
Verrit,https://verrit.com,-22,HIGH
Vessel News,http://vesselnews.io/,29,MIXED
Vice News,https://www.vice.com/,-16,MIXED
Viral Thread,http://www.viralthread.com/,-4,MIXED
Viral Title,http://viraltitle.com,-27,MIXED
VivaLiberty,http://www.vivaliberty.com/,28,MIXED
Vocativ,http://www.vocativ.com/,-4,HIGH
Voice of America,http://www.voanews.com/,-3,HIGH
Voice of San Diego,http://www.voiceofsandiego.org/,-5,HIGH
Vos Iz Neias,https://www.vosizneias.com,-3,HIGH
Vote Smart,http://votesmart.org/,-1,HIGH
Vote,http://vote.us.org/,-21,MIXED
VoteVets.org,http://www.votevets.org/,-13,HIGH
Vox,http://www.vox.com/,-23,HIGH
Vulture,http://www.vulture.com,-14,HIGH
Wall Street Journal,http://www.wsj.com/,11,HIGH
Wall Street on Parade,http://wallstreetonparade.com/,-15,HIGH
War on the Rocks,http://warontherocks.com/,-5,HIGH
Washington Babylon,http://washingtonbabylon.com,15,HIGH
Washington Blade,http://www.washingtonblade.com/,-15,HIGH
Washington Examiner,http://www.washingtonexaminer.com/,21,HIGH
Washington Free Beacon,http://freebeacon.com/,28,MIXED
Washington Journal (Not C-Span),http://washingtonjournal.com/,-27,HIGH
Washington Journal,https://www.c-span.org/WJ,-3,HIGH
Washington Monthly,http://washingtonmonthly.com/,-18,HIGH
Washington Post,https://www.washingtonpost.com/,-15,HIGH
Washington Press,http://washingtonpress.com,-29,MIXED
Washington Sources,http://washingtonsources.org,-27,MIXED
Washington Times,http://www.washingtontimes.com/,17,HIGH
Watchdog.org,http://watchdog.org/,15,MIXED
Waterbury Republican-American,http://www.rep-am.com/,12,HIGH
We Are The Mighty,http://www.wearethemighty.com/,3,HIGH
Wear Your Voice,https://wearyourvoicemag.com,-22,HIGH
Weasel Zippers,http://www.weaselzippers.us/,30,MIXED
Weekly Standard,http://www.weeklystandard.com/,23,HIGH
Western Free Press,http://www.westernfreepress.com/,30,MIXED
Western Journal,https://www.westernjournal.com/,29,MIXED
WestMonster,http://www.westmonster.com/,12,HIGH
WGN News,http://wgntv.com/,-8,HIGH
What Matters News,http://whatmattersnews.com/,-26,HIGH
Whatfinger,http://www.whatfinger.com/,26,MIXED
Who.What.Why,https://whowhatwhy.org/,-21,MIXED
Wichita Eagle,http://www.kansas.com/,6,HIGH
WikiLeaks,https://www.wikileaks.org/,13,MIXED
WikiNews,https://en.wikinews.org/wiki/Main_Page,-2,HIGH
Wikipedia,https://www.wikipedia.org/,-1,HIGH
WikiTribune,https://www.wikitribune.com,-2,HIGH
Williamsport Sun-Gazette,http://www.sungazette.com/,10,HIGH
Windsor Star,http://windsorstar.com/,-11,HIGH
Wings Over Scotland,https://wingsoverscotland.com,-16,HIGH
Winona Daily News,http://www.winonadailynews.com,-3,HIGH
Winston-Salem Journal,http://www.journalnow.com/,10,HIGH
WION (World is One News),http://www.wionews.com/,-3,MIXED
Wired Magazine,https://www.wired.com/,-13,HIGH
Wisconsin State Journal,http://host.madison.com/wsj/,-2,HIGH
WNYC,http://www.wnyc.org/,-11,HIGH
Wonkette,http://wonkette.com/,-26,MIXED
Woodrow Wilson International Center for Scholars,https://www.wilsoncenter.org/,-3,VERY HIGH
Workers World,http://www.workers.org/,-27,MIXED
World Affairs Journal,http://www.worldaffairsjournal.org/,-8,HIGH
World Economic Forum,https://www.weforum.org/,-4,HIGH
World Magazine,https://world.wng.org/,24,MIXED
World Net Daily (WND),http://www.wnd.com/,29,MIXED
World News,http://wn.com/,1,HIGH
World Policy Institute,http://www.worldpolicy.org/,-14,HIGH
World Politics Review,http://www.worldpoliticsreview.com/,5,HIGH
World Press Review,http://worldpress.org/,-2,VERY HIGH
World Resources Institute (WRI),http://www.wri.org/,-3,VERY HIGH
World Socialist Web Site,http://www.wsws.org/,-24,HIGH
World Tribune,http://worldtribune.com/,22,HIGH
WorldCrunch,https://www.worldcrunch.com/,-11,HIGH
WRAL,http://www.wral.com/,-3,HIGH
Xinhua News Agency,http://www.xinhuanet.com/english/home.htm,-13,MIXED
Yahoo News,https://www.yahoo.com/news/?ref=gs,-14,MIXED
YellowHammer News,http://yellowhammernews.com/,20,HIGH
Yes Magazine,http://www.yesmagazine.org/,-22,HIGH
YnetNews,http://www.ynetnews.com/,-14,HIGH
York Daily Record,http://www.ydr.com/,-7,HIGH
Young America’s Foundation (YAF),https://www.yaf.org,23,HIGH
Young Conservatives,http://www.youngcons.com/,30,MIXED
Your Black World,http://yourblackworld.net,-22,MIXED
Youth Radio,https://youthradio.org/,-10,HIGH
Z Magazine,https://zcomm.org/zmag/,-22,HIGH
ZDF (Zweites Deutsches Fernsehen),https://www.zdf.de/,-5,HIGH