site_name,url,bias_png,factual_reporting
Act.TV,http://act.tv,left4,HIGH
Addicting Info,http://addictinginfo.com,left5,MIXED
Advocate,http://www.advocate.com/,left8,HIGH
Akkadian Times,http://akkadiantimes.com,left8,HIGH
Alliance for Justice (AFJ),https://www.afj.org/,left8,HIGH
All That’s Fab,http://www.allthatsfab.com/,left2,MIXED
AlterNet,http://www.alternet.org/,left2,MIXED
Amandla,http://aidc.org.za/amandla-media/,left7,HIGH
AmericaBlog,http://americablog.com/,left7,HIGH
American Bridge 21st Century,https://americanbridgepac.org/,left5,MIXED
American News X,http://americannewsx.com/,left4,MIXED
American United for Separation of Church and State,http://www.au.org/,left12,HIGH
Angry White Men,https://angrywhitemen.org,left9,HIGH
Anti-Fascist News,https://antifascistnews.net/,left12,MIXED
AutoStraddle,https://www.autostraddle.com/,left7,HIGH
Backed by Fact,http://backedbyfact.com/,left12,HIGH
Baltimore City Paper,http://www.citypaper.com/,left9,MIXED
Bay Area Reporter,http://www.ebar.com/,left11,HIGH
Being Liberal,https://www.themaven.net/beingliberal,left3,HIGH
Bitch Media,https://bitchmedia.org/,left8,HIGH
Black Agenda Report,http://blackagendareport.com/,left8,HIGH
Black Lives Matter,http://blacklivesmatter.com/,left9,HIGH
Blue Dot Daily,http://www.bluedotdaily.com/,extremeleft06,MIXED
Blue Nation Review,http://bluenationreview.com/,left1,MIXED
Blue State Daily,https://bluestatedaily.com,left2,MIXED
Boing Boing,http://boingboing.net/,left11,HIGH
Breitbart Unmasked,http://www.breitbartunmasked.com/,left2,MIXED
Bust Magazine,http://bust.com/,left7,HIGH
Canadian Dimension,https://canadiandimension.com/,left12,HIGH
Carbonated TV,http://www.carbonated.tv/,left4,HIGH
Care2,https://www.care2.com,left3,MIXED
Center for American Progress,https://www.americanprogress.org/,left7,HIGH
Center for Media and Democracy (PR Watch),http://www.prwatch.org/cmd,left9,HIGH
Certified Politics,http://certifiedpolitics.com,left2,MIXED
Change.org,https://www.change.org/,left9,HIGH
Chicago Reader,http://www.chicagoreader.com/,left8,HIGH
Chronicles of Democracy,http://www.chroniclesofdemocracy.com/,left8,HIGH
Citizen Critics,https://citizencritics.org,left12,HIGH
CNN,http://www.cnn.com/,left10,MIXED
Code Pink,http://www.codepink.org/,left1,MIXED
Common Dreams,http://www.commondreams.org/,left6,HIGH
Content News,http://content.news,left3,MIXED
Cosmopolitan,http://www.cosmopolitan.com/,left4,HIGH
CounterCurrents.org,http://www.countercurrents.org/,left8,HIGH
CounterPunch,http://www.counterpunch.org/,left8,HIGH
CrimethInc,https://crimethinc.com/,left8,HIGH
Crooked Media,https://crooked.com/,left7,HIGH
Crooks and Liars,http://crooksandliars.com/,left2,MIXED
Current Affairs Magazine,https://www.currentaffairs.org/,left9,HIGH
Curve Magazine,http://www.curvemag.com,left12,HIGH
Daily 49er,http://www.daily49er.com/,left11,HIGH
Daily Beast,http://www.thedailybeast.com/,left7,HIGH
Daily Dems,https://www.dailydems.com/,left1,MIXED
Daily Dot,http://www.dailydot.com/,left11,HIGH
Daily Kos,http://www.dailykos.com/,left3,MIXED
Daily Mirror,http://www.mirror.co.uk/,left7,MIXED
Daily News Bin,http://www.dailynewsbin.com/,left2,MIXED
Daily Record (Scotland),http://www.dailyrecord.co.uk/,left8,MIXED
Dallas Voice,http://www.dallasvoice.com/,left7,HIGH
DC Tribune,http://dctribune.org,left1,MIXED
Deadspin,https://deadspin.com/,left8,HIGH
Dead State,http://deadstate.org/,left6,HIGH
DeathandTaxes,http://www.deathandtaxesmag.com/,left8,HIGH
Deep Left Field,http://deepleftfield.info/,left1,MIXED
DeepStateNation.com,http://deepstatenation.com,left3,MIXED
Democracy Chronicles,https://democracychronicles.org/author/tawfik/,left6,HIGH
Democracy Guardian,https://democracyguardian.com,left2,MIXED
Democracy Now,http://www.democracynow.org/,left8,HIGH
Democratic Underground,http://www.democraticunderground.com/,left2,MIXED
DeSmog,https://www.desmogblog.com/,left12,HIGH
Die Hard Democrat,http://dieharddemocrat.com/,left4,HIGH
Dissent Magazine,https://www.dissentmagazine.org/,left7,HIGH
Drudge Retort,http://www.drudge.com/,left7,MIXED
Earth First Journal,http://earthfirstjournal.org/,left4,MIXED
Economy In Crisis,http://economyincrisis.org/,left6,MIXED
EgbertoWillies,https://egbertowillies.com/,left2,HIGH
Electoral-Vote.com,https://www.electoral-vote.com,left11,HIGH
Electronic Intifada,https://electronicintifada.net/,left5,HIGH
Elisabeth Parker,http://elisabethparker.com/,left4,HIGH
Elite Daily,http://elitedaily.com/,left11,MIXED
Esquire Magazine,http://www.esquire.com/,left8,HIGH
Everyday Feminism,http://everydayfeminism.com/,left9,HIGH
Evonomics,http://evonomics.com/,left7,HIGH
ExtraNewsFeed,https://extranewsfeed.com,left5,MIXED
Feminist Current,http://www.feministcurrent.com,left11,HIGH
Feministing,http://feministing.com/,left5,HIGH
Fifth Estate,https://www.fifthestate.org/,left8,HIGH
Filming Cops,http://filmingcops.com/,left6,HIGH
First Post,http://www.firstpost.com/,left8,HIGH
Foreign Policy Journal,https://www.foreignpolicyjournal.com,left4,MIXED
Foreign Policy News,http://foreignpolicynews.org,left7,MIXED
Forward Progressives,http://www.forwardprogressives.com/,left4,HIGH
Free Press,http://freepress.org/,left3,HIGH
Free Rein News,http://frnewsreport.com,left2,HIGH
Freedom News and Journal,https://freedomnews.org.uk/,left3,HIGH
FStv (freespeech.org),https://www.freespeech.org/,left11,HIGH
Gizmodo,http://gizmodo.com/,left10,HIGH
Global Voices,https://globalvoices.org/,left12,HIGH
Globe Today,http://www.globetoday.com/,left8,MIXED
Good Magazine,https://www.good.is/,left9,HIGH
GOPOCALYPSE,http://www.gopocalypse.org/,left2,MIXED
GQ Magazine,http://www.gq.com/,left11,HIGH
Grasping Reality With Both Hands: Bradford DeLong,http://www.bradford-delong.com/,left9,HIGH
Green Left Weekly,https://www.greenleft.org.au,left4,MIXED
Greenville Gazette,http://www.greenvillegazette.com/,left4,HIGH
Groopspeak,http://news.groopspeak.com/,left2,MIXED
Guardian Liberty Voice,http://guardianlv.com/,left6,HIGH
Guardians of Democracy,https://theguardiansofdemocracy.com/,left6,HIGH
Happy Foxie,http://happy-foxie.com/,left2,MIXED
Huffington Post (HuffPost),http://www.huffingtonpost.com/,left9,HIGH
Human Rights Campaign (HRC),https://www.hrc.org,left6,HIGH
Impeach Trump Now,http://www.impeachdjtnow.com/,left1,MIXED
In Defence of Marxism,https://www.marxist.com/,left3,HIGH
Independent Reporter (Ir.net),http://ir.net/,left3,MIXED
Inequality Media,https://www.inequalitymedia.org/,left11,HIGH
Informed Comment,https://www.juancole.com,left11,HIGH
Institute for Policy Studies,http://www.ips-dc.org,left2,HIGH
International Viewpoint,http://www.internationalviewpoint.org/,left1,MIXED
In These Times,http://inthesetimes.com/,left8,HIGH
Intrepid Report,http://www.intrepidreport.com/,left6,MIXED
Iowa Starting Line,https://iowastartingline.com,left8,HIGH
It’s Going Down,https://itsgoingdown.org/,left2,MIXED
Jacobin,https://www.jacobinmag.com/,left8,HIGH
Jezebel,http://jezebel.com/,left1,MIXED
Latest.com,https://latest.com,left1,MIXED
Lavender Magazine,http://www.lavendermagazine.com/,left8,HIGH
Left Action,http://leftaction.com/,left5,HIGH
Left Foot Forward,https://leftfootforward.org/,left7,HIGH
Left Over Rights,http://leftoverrights.com/,left3,MIXED
LeftScoop,https://www.leftscoop.com/,left1,MIXED
Left Side of History,http://www.leftsideofhistory.com/,left7,MIXED
Left Voice,http://www.leftvoice.org,left8,HIGH
Left Wing Nation,http://leftwingnation.org/,left2,HIGH
LGBTQ Nation,http://www.lgbtqnation.com/,left12,HIGH
Libcom.org,http://libcom.org,left2,HIGH
Liberal America,http://www.liberalamerica.org/,left5,MIXED
Liberal Examiner,https://www.liberalexaminer.com/,left1,MIXED
Liberals Unite (Samuel Warde),http://samuel-warde.com/,left3,MIXED
Liberation News,https://www.liberationnews.org/,left8,HIGH
Little Green Footballs,http://littlegreenfootballs.com/,left8,MIXED
Love Knowledge,http://loveknowledge.org/,left4,MIXED
Mashable,http://mashable.com/,left10,HIGH
Mean Left Hook,http://meanlefthook.com/,left2,MIXED
Mediaite,http://www.mediaite.com/,left7,HIGH
Media Matters,http://mediamatters.org/,left6,HIGH
Meduza,https://meduza.io/en,left11,HIGH
Merry Jane,https://www.merryjane.com/,left10,HIGH (No pun intended)
Miami New Times,http://www.miaminewtimes.com/,left7,HIGH
Middle East Monitor,https://www.middleeastmonitor.com/,left9,MIXED
Modern Liberals,http://modernliberals.com/,left1,MIXED
Molad The Center for the Renewal of Israeli Democracy,http://www.molad.org/en/,left10,HIGH
Mondoweiss,http://mondoweiss.net/,left12,HIGH
Moon of Alabama,http://www.moonofalabama.org/,left4,MIXED
Mother Jones,http://www.motherjones.com/,left7,HIGH
Move On,http://front.moveon.org/,left1,MIXED
Ms. (Magazine),http://www.msmagazine.com/,left10,HIGH
MSNBC,http://www.msnbc.com/,left6,MIXED
Nap-Sack,http://nap-sack.org/,left12,MIXED
Nation of Change,http://www.nationofchange.org/,left7,MIXED
New Internationalist,https://newint.org/,left8,HIGH
New Politics Magazine,http://newpol.org/,left11,HIGH
New Republic,https://newrepublic.com/,left10,HIGH
New Statesman,http://www.newstatesman.com/,left8,HIGH
New York Magazine,http://nymag.com/,left8,HIGH
New Yorker,http://www.newyorker.com/,left7,HIGH
News Corpse,http://newscorpse.com/,left1,MIXED
NewsHounds,http://www.newshounds.us/,left5,MIXED
NewsLogue,http://www.newslogue.com/,left2,MIXED
Newsweek,http://www.newsweek.com/,left7,MIXED
North99,https://north99.org/,left6,HIGH
Nova Magazine,https://www.nova-magazine.net,left1,MIXED
Now Magazine,https://nowtoronto.com/,left12,HIGH
NowThis News,https://nowthisnews.com/,left7,MIXED
One Green Planet,http://www.onegreenplanet.org,left3,MIXED
OpEdNews (OEN),https://www.opednews.com/,left3,MIXED
Our Voice NY,https://ourvoiceny.com,left5,HIGH
Palmer Report,http://www.palmerreport.com/,left3,MIXED
Paste Magazine,https://www.pastemagazine.com/,left9,HIGH
Peacock Panache,http://www.peacock-panache.com,left3,HIGH
People for the American Way (PFAW),http://www.pfaw.org,left11,HIGH
People Magazine,http://people.com/politics/,left10,HIGH
PINAC,https://photographyisnotacrime.com/,left12,HIGH
Pink News,http://www.pinknews.co.uk/home/,left10,HIGH
Political Dig,http://politicaldig.com/,left2,MIXED
Political Updater,http://politicalupdater.com/,left7,MIXED
PoliticusUSA,http://www.politicususa.com/,left7,HIGH
Popular Resistance,https://popularresistance.org/,left9,MIXED
Pravda Report,http://www.pravdareport.com/,left3,MIXED
Press Progress,https://www.pressprogress.ca/,left10,HIGH
Progressive Army,http://progressivearmy.com,left8,HIGH
Progressive Liberal,https://www.progressiveliberal.net,left4,MIXED
Project Censored,http://projectcensored.org/,left11,HIGH
Proud Democrat,http://proudemocrat.com/,left6,MIXED
PutinTrump.org,http://putintrump.org/,left10,HIGH
Queerty,https://www.queerty.com,left10,HIGH
Rabble.ca,http://rabble.ca/,left5,HIGH
Rantt Media,https://rantt.com,left11,HIGH
Rappler,http://www.rappler.com/,left12,MIXED
Raw Progressive,http://www.rawprogressive.com/,left1,MIXED
Raw Story,http://www.rawstory.com/,left7,MIXED
Reading the Pictures,http://www.readingthepictures.org,left10,HIGH
Reader Supported News (RSN),http://readersupportednews.org,left8,MIXED
Red Pepper,http://www.redpepper.org.uk/,left1,HIGH
Red State Disaster,https://redstatedisaster.com,left7,HIGH
Red Youth,https://redyouth.org/,left4,MIXED
Republicans Suck,http://republicanssucks.org,left1,MIXED
Resilience (Post Carbon Institute),https://www.resilience.org,left3,MIXED
Rewire,https://rewire.news/,left12,HIGH
Revcom.us,http://revcom.us/,left1,MIXED
Reverb Press,http://reverbpress.news/,left8,HIGH
Revere Press,http://reverepress.com,left3,HIGH
Revolution News,http://revolution-news.com/,left10,HIGH
Right Wing Watch,http://www.rightwingwatch.org/,left4,MIXED
Ring of Fire,https://trofire.com/,left3,HIGH
Salon,http://www.salon.com/,left5,HIGH
Scary Mommy,http://www.scarymommy.com/,left12,HIGH
Shadow Proof,https://shadowproof.com,left4,HIGH
Shareblue,http://shareblue.com/,left1,MIXED
Slate,http://www.slate.com/,left7,HIGH
Smirking Chimp,http://www.smirkingchimp.com/,left8,HIGH
Socialist Standard,http://www.worldsocialism.org/spgb/,left6,HIGH
SocialistWorker.org,https://socialistworker.org/,left3,HIGH
SourceWatch,http://www.sourcewatch.org/index.php/SourceWatch,left10,HIGH
Sparks/CnnTimes,http://www.cnntimes.online/,left1,MIXED
Splinter,https://splinternews.com,left3,MIXED
St. Pete for Peace,https://www.stpete4peace.org/,left11,HIGH
Syriana Analysis,http://www.syriana-analysis.com,left11,MIXED
Talking Points Memo,http://talkingpointsmemo.com/,left9,HIGH
TakePart,http://www.takepart.com/,left8,HIGH
TeleSUR,http://www.telesurtv.net/english/,left11,MIXED
The American Independent Institute,http://americanindependent.com/,left7,HIGH
The American Prospect,http://prospect.org/,left7,HIGH
The Austin Chronicle,https://www.austinchronicle.com,left10,HIGH
The Blue Route,http://www.blue-route.org/blog/,left2,MIXED
The Burning Spear,http://www.theburningspear.com/,left7,HIGH
The Canary (UK),http://www.thecanary.co/,left7,HIGH
The Climate Reality Project,https://www.climaterealityproject.org/,left12,HIGH
The Daily Banter,http://thedailybanter.com/,left7,HIGH
The Daily Buzz,http://the-daily.buzz/,left11,HIGH
The Daily Vox,https://www.thedailyvox.co.za/,left9,HIGH
The Democratic Hub,http://www.democratichub.com/,left2,MIXED
The Establishment,https://theestablishment.co,left7,HIGH
The Florida Squeeze,https://thefloridasqueeze.com/,left9,MIXED
The Frisky,http://www.thefrisky.com/,left10,HIGH
The Fucking News,http://thefingnews.com/,left7,HIGH
TheGrio,http://thegrio.com/,left9,HIGH
TheImproper Magazine,https://www.theimproper.com,left5,HIGH
The Intellectualist,https://theintellectualist.co/,left10,HIGH
The Lily,https://www.thelily.com/,left12,HIGH
The London Economic,https://www.thelondoneconomic.com,left2,MIXED
The Mary Sue,https://www.themarysue.com,left9,HIGH
The Militant,http://www.themilitant.com/,left11,HIGH
The Morning Star,http://www.morningstaronline.co.uk/,left8,HIGH
The Nation,https://www.thenation.com/,left9,HIGH
The National Memo,http://www.nationalmemo.com/,left8,HIGH
The New Civil Rights Movement,http://www.thenewcivilrightsmovement.com/,left4,MIXED
The Other 98%,http://other98.com/,left5,MIXED
The Outline,https://theoutline.com/,left11,HIGH
The Progressive,http://www.progressive.org/,left7,HIGH
The Progressive Frontier,https://progressivefrontier.com,left1,MIXED
The Reality-Based Community,http://www.samefacts.com/,left9,HIGH
The Root,http://www.theroot.com/,left8,HIGH
The Source Newspaper (La Source),http://thelasource.com/en/,left6,HIGH
The Stern Facts,https://thesternfacts.com/,left3,MIXED
The Texas Observer,https://www.texasobserver.org,left10,HIGH
The Village Voice,http://www.villagevoice.com/,left11,HIGH
The Walrus,https://thewalrus.ca/,left8,HIGH
The World Can’t Wait,https://worldcantwait.net/,left6,HIGH
TheosWatch.com,http://theoswatch.com,left1,MIXED
Think Progress,http://thinkprogress.org/,left4,MIXED
This Magazine,https://this.org/,left8,HIGH
Towleroad,http://www.towleroad.com/,left2,MIXED
Tribune Magazine UK,http://www.tribunemagazine.org/,left8,HIGH
Truth Against the Machine,https://truthagainstthemachine.com,left3,HIGH
Truthdig,http://www.truthdig.com/,left7,HIGH
Truth Out,http://www.truth-out.org/,left1,MIXED
Uproxx,http://uproxx.com/,left11,HIGH
Upworthy,https://www.upworthy.com/,left12,HIGH
US Political Post,http://theuspoliticalpost.com/,left2,MIXED
US Uncut,http://usuncut.com/,extremeleft03,MIXED
Vanity Fair,http://www.vanityfair.com/,left9,HIGH
Verified Politics,http://verifiedpolitics.com,left4,HIGH
Verrit,https://verrit.com,left8,HIGH
Vermont Independent,http://www.vermontindependent.org/,left7,MIXED
Viral Title,http://viraltitle.com,left3,MIXED
Vote,http://vote.us.org/,left9,MIXED
Vox,http://www.vox.com/,left7,HIGH
Washington Journal (Not C-Span),http://washingtonjournal.com/,left3,HIGH
Washington Monthly,http://washingtonmonthly.com/,left12,HIGH
Washington Press,http://washingtonpress.com,left1,MIXED
Washington Sources,http://washingtonsources.org,left3,MIXED
Wear Your Voice,https://wearyourvoicemag.com,left8,HIGH
What Matters News,http://whatmattersnews.com/,left4,HIGH
Who.What.Why,https://whowhatwhy.org/,left9,MIXED
Wonkette,http://wonkette.com/,left4,MIXED
Workers World,http://www.workers.org/,left3,MIXED
World Socialist Web Site,http://www.wsws.org/,left6,HIGH
Yes Magazine,http://www.yesmagazine.org/,left8,HIGH
The Young Turks,https://tytnetwork.com/,left8,HIGH
Your Black World,http://yourblackworld.net,left8,MIXED
Z Magazine,https://zcomm.org/zmag/,left8,HIGH
ABC11 Eyewitness News,http://abc11.com/,leftcenter07,HIGH
ABC News,http://abcnews.go.com/,leftcenter05,HIGH
Above the Law,http://abovethelaw.com/,leftcenter09,HIGH
Aeon,https://aeon.co/,leftcenter08,HIGH
Affinity Magazine,http://affinitymagazine.us/,leftcenter03,MIXED
African Arguments,http://africanarguments.org/,leftcenter06,HIGH
Al-Hayat,http://www.alhayat.com/,leftcenter05,HIGH
Al Jazeera,http://www.aljazeera.com/,leftcenter10,HIGH
Al-Masdar News (AMN),https://www.almasdarnews.com,leftcenter05,MIXED
Al Monitor,http://www.al-monitor.com/pulse/home.html,leftcenter05,HIGH
Al-Sura,https://al-sura.com,leftcenter07,MIXED
Alan Guttmacher Institute,https://www.guttmacher.org/,leftcenter06,HIGH
Alaska Dispatch News,http://www.adn.com/,leftcenter08,HIGH
Albany Times-Union,http://www.timesunion.com/,leftcenter10,HIGH
Allied Progress,https://alliedprogress.org,leftcenter02,HIGH
Akron Beacon Journal,http://www.ohio.com/,leftcenter09,HIGH
AM New York,http://www.amny.com/,leftcenter05,HIGH
America Magazine,http://www.americamagazine.org/,leftcenter10,HIGH
American Civil Liberties Union (ACLU),https://www.aclu.org/,leftcenter08,HIGH
American Herald Tribune,http://ahtribune.com/,leftcenter06,MIXED
Anniston Star,https://www.annistonstar.com,leftcenter02,HIGH
Anti-Defamation League,http://www.adl.org/,leftcenter07,HIGH
American Public Media,https://www.americanpublicmedia.org,leftcenter10,HIGH
AOL,https://www.aol.com/,leftcenter04,HIGH
APM Reports,https://www.apmreports.org/,leftcenter08,HIGH
Ara News,http://aranews.net/,leftcenter06,HIGH
Arizona Daily Star,http://tucson.com/,leftcenter05,HIGH
Arizona Daily Sun,http://azdailysun.com,leftcenter11,HIGH
Asheville Citizen-Times,http://www.citizen-times.com/,leftcenter11,HIGH
Atavist Magazine,https://magazine.atavist.com/,leftcenter10,VERY-HIGH
Atlanta Black Star,http://atlantablackstar.com/,leftcenter03,HIGH
Atlanta Journal-Constitution,http://www.ajc.com/,leftcenter05,HIGH
The Atlantic,https://www.theatlantic.com/,leftcenter06,HIGH
Atlantic Media,http://www.atlanticmedia.com/,leftcenter11,HIGH
ATTN:,http://www.attn.com/,leftcenter07,HIGH
Austin American-Statesman,http://www.statesman.com/,leftcenter10,HIGH
Axios,https://www.axios.com/,leftcenter09,HIGH
BackChannel,https://backchannel.com/,leftcenter10,VERY HIGH
Baltimore Sun,http://www.baltimoresun.com/,leftcenter05,HIGH
Bangor Daily News,http://bangordailynews.com,leftcenter09,HIGH
Baptist News Global,https://baptistnews.com/,leftcenter11, HIGH
Battle Creek Enquirer,https://www.battlecreekenquirer.com,leftcenter10, HIGH
BBC,http://www.bbc.com/news,leftcenter11,VERY HIGH
Beijing Review,http://www.bjreview.com/,leftcenter01,HIGH
Berkeleyside,http://www.berkeleyside.com,leftcenter05,HIGH
Berkshire Eagle,http://www.berkshireeagle.com/,leftcenter07,HIGH
BillMoyers.com,http://billmoyers.com/,leftcenter09,VERY HIGH
Birmingham Mail,http://www.birminghammail.co.uk,leftcenter01,MIXED
BlastingNews,http://us.blastingnews.com/,leftcenter03,MIXED
Bloomberg News,https://www.bloomberg.com/,leftcenter10,HIGH
Bluestem Prairie,http://www.bluestemprairie.com/,leftcenter05,HIGH
Boston Globe,https://www.bostonglobe.com/,leftcenter07,HIGH
Boy Genius Report (BGR),http://bgr.com/,leftcenter08,HIGH
Brennan Center for Justice,https://www.brennancenter.org/,leftcenter03,HIGH
Brookings Institute,https://www.brookings.edu/,leftcenter04,VERY HIGH
Buffalo News,http://www.buffalonews.com/,leftcenter06,HIGH
Business Insider,http://www.businessinsider.com/,leftcenter07,HIGH
Bustle Magazine,https://www.bustle.com/,leftcenter04, HIGH
Buzzfeed,https://www.buzzfeed.com/news,leftcenter01,MIXED
Calgary Herald,http://calgaryherald.com/,leftcenter05,HIGH
CalWatchdog.com,https://calwatchdog.com,leftcenter10,HIGH
Canadaland,http://www.canadalandshow.com,leftcenter05,HIGH
Capital Gazette,http://www.capitalgazette.com/,leftcenter06,HIGH
Carolina Public Press,http://carolinapublicpress.org/,leftcenter06,HIGH
Caribbean Life News,https://www.caribbeanlifenews.com/,leftcenter05,HIGH
CBC News (Canadian Broadcasting),http://www.cbc.ca/news,leftcenter06,HIGH
CBS News,http://www.cbsnews.com/,leftcenter06,HIGH
CCTV America,http://www.cctv-america.com/,leftcenter08,HIGH
Center for International Policy,https://www.ciponline.org/,leftcenter07,VERY HIGH
Center for Popular Democracy,http://populardemocracy.org/,leftcenter02,HIGH
The Center on Budget and Policy Priorities,http://www.cbpp.org/,leftcenter08,HIGH
Charleston Gazette-Mail,http://www.wvgazettemail.com/,leftcenter08,HIGH
Charlotte Observer,http://www.charlotteobserver.com/,leftcenter05,HIGH
The Chicago Reporter,http://chicagoreporter.com/,leftcenter02,HIGH
Chicago Sun Times,http://chicago.suntimes.com/,leftcenter06,HIGH
Citizens for Legitimate Government (CLG News),http://www.legitgov.org/,leftcenter02,MIXED
Citizens for Responsibility and Ethics in Washington (CREW),https://www.citizensforethics.org,leftcenter03,HIGH
Citizens for Tax Justice,http://ctj.org/,leftcenter05,HIGH
Citizen Truth,https://citizentruth.org,leftcenter05,HIGH
Clean Technica,https://cleantechnica.com/,leftcenter09,VERY HIGH
CNBC,http://www.cnbc.com/,leftcenter05,HIGH
Columbia Journalism Review,http://www.cjr.org/,leftcenter07,HIGH
Colombia Reports,https://colombiareports.com,leftcenter06,MIXED
Committee to Investigate Russia,https://investigaterussia.org,leftcenter09,HIGH
Common Cause,http://www.commoncause.org,leftcenter06,HIGH
Commonweal Magazine,https://www.commonwealmagazine.org,leftcenter08,HIGH
Commonwealth Fund,http://www.commonwealthfund.org/,leftcenter07,HIGH
Corporate Presidency,https://corporatepresidency.org,leftcenter03,HIGH
Council for the National Interest,http://www.councilforthenationalinterest.org/,leftcenter04,HIGH
Credo Action,http://credoaction.com/,leftcenter04,HIGH
Crosscut.com,http://crosscut.com/,leftcenter05,HIGH
CTV News,http://www.ctvnews.ca/,leftcenter04,HIGH
Daily Hive,http://dailyhive.com/,leftcenter09,HIGH
Dawn,https://www.dawn.com/,leftcenter06,HIGH
DCReport.org,https://www.dcreport.org/,leftcenter01,HIGH
Deadline Hollywood,http://deadline.com/,leftcenter03,HIGH
Deccan Herald,http://www.deccanherald.com/,leftcenter05,MIXED
Delaware Online – The News Journal,http://www.delawareonline.com/,leftcenter09,HIGH
Democracy 21,http://www.democracy21.org/,leftcenter02,HIGH
Democrat and Chronicle,http://www.democratandchronicle.com/,leftcenter07,HIGH
Demos,http://www.demos.org,leftcenter07,HIGH
Denver Post,http://www.denverpost.com/,leftcenter04,HIGH
Detroit Free Press,http://www.freep.com/,leftcenter06,HIGH
Die Zeit,http://www.zeit.de/english/index,leftcenter09,HIGH
Digg,http://digg.com/,leftcenter09,HIGH
DiversityInc,http://www.diversityinc.com,leftcenter06,HIGH
Dutch Daily News,http://www.dutchdailynews.com/,leftcenter05,HIGH
Dutch Review,https://dutchreview.com/,leftcenter05,MIXED
DW News,http://www.dw.com/en/top-stories/s-9097,leftcenter04,HIGH
EarthJustice,https://earthjustice.org,leftcenter01,HIGH
East Bay Times,http://www.eastbaytimes.com/,leftcenter09,HIGH
Economic Policy Institute,http://www.epi.org/,leftcenter05,HIGH
Economics.Help,https://www.economicshelp.org,leftcenter05,HIGH
Edmonton Journal,http://edmontonjournal.com/,leftcenter08,HIGH
Egyptian Streets,https://egyptianstreets.com/,leftcenter06,MIXED
Electronic Frontier Foundation,https://www.eff.org/,leftcenter10,HIGH
El Pais,http://elpais.com/elpais/inenglish.html,leftcenter05,HIGH
El Paso Times,http://www.elpasotimes.com/,leftcenter10,HIGH
Emirates 24/7,http://www.emirates247.com/,leftcenter07,HIGH
Empty Wheel,https://www.emptywheel.net/,leftcenter03,HIGH
Engadget,https://www.engadget.com/,leftcenter06,HIGH
Euractiv,http://www.euractiv.com/,leftcenter01,MIXED
EU Observer,https://euobserver.com/,leftcenter07,HIGH
Exposing the Truth,https://www.exposingtruth.com/,leftcenter08,HIGH
Factbox.TV,http://factbox.tv/,leftcenter03,HIGH
Fact / Myth,http://factmyth.com/,leftcenter09,HIGH
Fairness & Accuracy in Reporting (FAIR),http://fair.org/,leftcenter04,HIGH
FairVote,http://www.fairvote.org/,leftcenter09,HIGH
Fast Company Magazine,https://www.fastcompany.com/,leftcenter07,HIGH
Feminist Frequency,https://feministfrequency.com/,leftcenter10,HIGH
Fight for the Future,https://www.fightforthefuture.org,leftcenter04,HIGH
FiveThirtyEight,https://fivethirtyeight.com/,leftcenter10,HIGH
Foreign Policy in Focus,http://fpif.org/,leftcenter08,HIGH
Fort Worth Weekly,https://www.fwweekly.com/,leftcenter04,HIGH
France24,http://www.france24.com/en/,leftcenter05,HIGH
Freakonomics Radio,http://freakonomics.com/,leftcenter08,HIGH
Free Press,http://www.freepress.net/,leftcenter03,HIGH
Fresno Bee,http://www.fresnobee.com/,leftcenter07,HIGH
Fusion,http://fusion.kinja.com/,leftcenter02,MIXED
Gay Star News,https://www.gaystarnews.com/,leftcenter03,HIGH
Geopolitics Alert,http://geopoliticsalert.com,leftcenter05,HIGH
Greensboro News and Record,http://www.greensboro.com/,leftcenter06,HIGH
Greentech Media,https://www.greentechmedia.com/,leftcenter06,HIGH
Glamour Magazine,http://www.glamour.com/,leftcenter04,HIGH
Global Citizen,https://www.globalcitizen.org/en/,leftcenter07,HIGH
Global News,http://globalnews.ca/,leftcenter10,HIGH
Global Post,http://www.pri.org/programs/globalpost,leftcenter08,HIGH
Global Risk Insights (GRI),http://globalriskinsights.com,leftcenter11,HIGH
Global Times (China),http://www.globaltimes.cn/,leftcenter08,HIGH
Governing Magazine,http://www.governing.com/,leftcenter10,HIGH
Grist,http://grist.org/,leftcenter04,HIGH
Haaretz,http://www.haaretz.com/,leftcenter02,HIGH
Harper’s Magazine,http://harpers.org/,leftcenter10,HIGH
The Hartford Courant,http://www.courant.com/,leftcenter06,HIGH
Health Magazine,http://www.health.com,leftcenter07,MIXED
HealthyWay,https://www.healthyway.com,leftcenter07,HIGH
Heavy,http://heavy.com/,leftcenter05,HIGH
Helsinki Times,http://www.helsinkitimes.fi/,leftcenter03,HIGH
High Country News,https://www.hcn.org,leftcenter05,HIGH
Highline,http://highline.huffingtonpost.com,leftcenter06,HIGH
Hindustan Times,http://www.hindustantimes.com/,leftcenter10,HIGH
History News Network,http://historynewsnetwork.org/,leftcenter06,HIGH
Hollywood Reporter,http://www.hollywoodreporter.com/,leftcenter03,HIGH
Honolulu Star-Advertiser,http://www.staradvertiser.com/,leftcenter07,HIGH
Houston Chronicle,https://www.houstonchronicle.com/,leftcenter04,HIGH
Human Rights Watch,https://www.hrw.org/,leftcenter10,HIGH
Humanium,https://www.humanium.org,leftcenter05,HIGH
Hurriyet Daily News,http://www.hurriyetdailynews.com/,leftcenter07,MIXED
Ice News,http://www.icenews.is/,leftcenter05,HIGH
If Americans Knew,http://ifamericaknew.org/,leftcenter03,HIGH
Independent Australia,https://independentaustralia.net/,leftcenter03,HIGH
Independent Media Center,https://www.indymedia.org/or/index.shtml,leftcenter04,MIXED
Indianapolis Star,http://www.indystar.com/,leftcenter08,HIGH
iNews,https://inews.co.uk/,leftcenter05,HIGH
Inquisitr,http://www.inquisitr.com/news/,leftcenter04,MIXED
InsideClimate News,https://insideclimatenews.org/,leftcenter11,HIGH
Inside Higher Ed,https://www.insidehighered.com/,leftcenter11,HIGH
Inside Philanthropy,https://www.insidephilanthropy.com,leftcenter05,HIGH
Institute for Middle East Understanding (IMEU),https://imeu.org,leftcenter06,HIGH
Institute on Taxation and Economic Policy (ITEP),https://itep.org/,leftcenter07,HIGH
International Business Times,http://www.ibtimes.com/,leftcenter07,MIXED
International Center for Research on Women,http://www.icrw.org/,leftcenter07,HIGH
International Crisis Group,https://www.crisisgroup.org/,leftcenter08,HIGH
Inter Press Service (IPS),http://www.ips.org,leftcenter02,HIGH
Inverse,https://www.inverse.com,leftcenter06,HIGH
iPolitics,http://ipolitics.ca/,leftcenter09,HIGH
IRIN News,http://www.irinnews.org/,leftcenter08,HIGH
Jihadica,http://www.jihadica.com/,leftcenter09,HIGH
Joint Center for Political and Economic Studies,http://jointcenter.org/,leftcenter05,HIGH
Journal of Politics and Society,http://www.helvidius.org/,leftcenter08,VERY 
Kansas City Star,http://www.kansascity.com/,leftcenter06,HIGH
Knight Foundation,http://www.knightfoundation.org/,leftcenter11,HIGH
KMOV,http://www.kmov.com/,leftcenter09,HIGH
KOCO News 5,http://www.koco.com/,leftcenter11,HIGH
Kotaku,https://kotaku.com,leftcenter05,HIGH
KUOW NPR,http://kuow.org/,leftcenter08,HIGH
Kurdistan 24,http://www.kurdistan24.net,leftcenter03,MIXED
Kyiv Post,https://www.kyivpost.com/,leftcenter03,MIXED
La Presse,http://www.lapresse.ca/,leftcenter02,HIGH
LA Times (Los Angeles Times),http://www.latimes.com/,leftcenter04,HIGH
Latin Times,http://www.latintimes.com/,leftcenter10,HIGH
Lawfare Blog,https://www.lawfareblog.com/,leftcenter05,HIGH
Law Newz,http://lawnewz.com/,leftcenter07,HIGH
Left Justified,http://www.leftjustified.com/,leftcenter09,HIGH
Lethbridge Herald,http://lethbridgeherald.com/,leftcenter06,HIGH
Lexington Herald Leader,http://www.kentucky.com/,leftcenter08,HIGH
Liberal Mountain,http://www.liberalmountain.com/,leftcenter02,HIGH
Lifehacker,https://lifehacker.com/,leftcenter08,HIGH
LiveLeak,https://www.liveleak.com/,leftcenter06,HIGH
Maclean’s Magazine,http://www.macleans.ca/,leftcenter07,HIGH
Maine Beacon,http://mainebeacon.com/,leftcenter09,HIGH
MediaFile,http://www.mediafiledc.com,leftcenter06,HIGH
Medium,https://medium.com/,leftcenter06,MIXED
Metro,http://www.metro.us/,leftcenter08,HIGH
Metro UK,http://metro.co.uk/,leftcenter04,HIGH
Mexico Daily News,http://mexiconewsdaily.com/,leftcenter05,HIGH
Miami Herald,http://www.miamiherald.com/,leftcenter08,HIGH
Mic,https://mic.com/,leftcenter04,HIGH
Migration Policy Institute,https://www.migrationpolicy.org,leftcenter08,HIGH
Milwaukee Journal-Sentinel,http://www.jsonline.com/,leftcenter09,HIGH
Minneapolis Star Tribune,http://www.startribune.com/,leftcenter09,HIGH
Minnesota Public Radio (MPR),https://www.mprnews.org/,leftcenter07,HIGH
MinnPost,https://www.minnpost.com,leftcenter07,HIGH
Mint Press News,http://www.mintpressnews.com/,leftcenter02,MIXED
Mongabay,https://news.mongabay.com,leftcenter06,HIGH
Monthly Review,http://monthlyreview.org/,leftcenter05,HIGH
Montreal Gazette,http://montrealgazette.com/,leftcenter06,HIGH
Morning Consult,https://morningconsult.com/,leftcenter05,HIGH
Moscow Times,https://themoscowtimes.com/,leftcenter04,HIGH
Mother Nature Network,https://www.mnn.com,leftcenter03,HIGH
Mountain Democrat,https://www.mtdemocrat.com,leftcenter10,HIGH
MSN.com,http://www.msn.com/,leftcenter09,HIGH
Muncie Voice,http://www.muncievoice.com/,leftcenter03,HIGH
MWC News – Media With Conscience,http://mwcnews.net/,leftcenter06,HIGH
Naked Capitalism,http://www.nakedcapitalism.com/,leftcenter06,HIGH
National Association for the Advancement of Colored People (NAACP),http://www.naacp.org/,leftcenter01,HIGH
National Center for Transgender Equality (NCTE),https://transequality.org,leftcenter03,HIGH
National Monitor,http://natmonitor.com/,leftcenter03,HIGH
National Newswatch,http://www.nationalnewswatch.com/,leftcenter10,HIGH
National Observer (Canada),http://www.nationalobserver.com/,leftcenter03,HIGH
National Youth Rights Association,http://www.youthrights.org/,leftcenter10,HIGH
Natural Resources Defense Council,https://www.nrdc.org/,leftcenter04,HIGH
Natural Resource Governance Institute,http://www.resourcegovernance.org/,leftcenter07,HIGH
Nature Conservancy,https://www.nature.org,leftcenter09,HIGH
NBC News,http://www.nbcnews.com/,leftcenter04,HIGH
NC Policy Watch,http://www.ncpolicywatch.com/,leftcenter04,HIGH
NDTV,https://www.ndtv.com/,leftcenter06,HIGH
Need 2 Know,http://theneed2know.com/,leastbiased011,HIGH
New England Cable News (NECN),http://www.necn.com/,leftcenter09,HIGH
News Channel 4 (KFOR.com),http://kfor.com/,leftcenter10,HIGH
News.com.au,http://www.news.com.au/,leftcenter06,HIGH
Newsday,http://www.newsday.com/,leftcenter03,HIGH
News Deeply,https://www.newsdeeply.com,leftcenter02,HIGH
NewsGru,https://newsgru.com,leftcenter03,MIXED
Newser,http://www.newser.com,leftcenter09,HIGH
NewsOne,https://newsone.com/,leftcenter02,HIGH
Newsy,http://www.newsy.com/,leftcenter08,HIGH
New Europe,https://www.neweurope.eu/,leftcenter05,HIGH
New Left Review,https://newleftreview.org/,leftcenter04,HIGH
New Matilda,https://newmatilda.com/,leftcenter05,HIGH
New Moderate,https://newmoderate.com/,leftcenter07,HIGH
New York Daily News,http://www.nydailynews.com/,leftcenter03,MIXED
News and Guts,https://www.newsandgutsmedia.com/,leftcenter05,HIGH
NPR (National Public Radio),http://www.npr.org/sections/news/,leftcenter09,VERY
New York Times,https://www.nytimes.com/,leftcenter06,HIGH
OC Weekly,http://www.ocweekly.com/,leftcenter06,HIGH
The Odyssey Online,https://www.theodysseyonline.com,leftcenter02,MIXED
Oil and Water Don’t Mix,http://www.oilandwaterdontmix.org/,leftcenter10,HIGH
openDemocracy,https://www.opendemocracy.net/,leftcenter03,HIGH
Opposing Views,http://www.opposingviews.com/,leftcenter04,HIGH
OneIndia,https://www.oneindia.com/,leftcenter06,MIXED
Our World In Data,https://ourworldindata.org,leftcenter10,HIGH
Outside The Beltway,http://www.outsidethebeltway.com/,leftcenter07,HIGH
Ozy Media,http://www.ozy.com/,leftcenter05,HIGH
Pacific Standard Magazine,https://psmag.com/,leftcenter08,HIGH
PanAm Post,https://panampost.com/,leftcenter06,HIGH
Patriotic Millionaires,https://patrioticmillionaires.org,leftcenter06,HIGH
PBS News Hour,http://www.pbs.org/newshour/,leftcenter08,HIGH
Philadelphia Inquirer,http://www.philly.com/inquirer/,leftcenter07,HIGH
Philadelphia Tribune,http://www.phillytrib.com/,leftcenter07,HIGH
Philippine Daily Inquirer,https://www.inquirer.net/,leftcenter10,HIGH
Phoenix New Times,http://www.phoenixnewtimes.com/,leftcenter02,HIGH
Pluralist,https://www.pluralist.com,leftcenter07,HIGH
Political Critique,http://politicalcritique.org/,leftcenter05,High
Politico,http://www.politico.com/,leftcenter03,HIGH
Politics That Work,http://politicsthatwork.com/,leftcenter03,HIGH
Population Connection,http://www.populationconnection.org,leftcenter03,HIGH
Portland Press-Herald,http://www.pressherald.com/,leftcenter11,HIGH
Positive News,https://www.positive.news,leftcenter06,HIGH
Press TV,http://www.presstv.com/,leftcenter08,MIXED
Propublica,https://www.propublica.org/,leftcenter05,HIGH
Prospect Magazine,http://www.prospectmagazine.co.uk/,leftcenter07,HIGH
The Providence Journal,http://www.providencejournal.com/,leftcenter06,HIGH
Public Citizen,https://www.citizen.org/,leftcenter05,HIGH
Public Radio International (PRI),http://www.pri.org/,leftcenter05,HIGH
Quartz,http://qz.com/,leftcenter07,HIGH
Radio Free Asia,http://www.rfa.org/english/,leftcenter11,HIGH
Raleigh News and Observer,http://www.newsobserver.com/,leftcenter09,HIGH
RationalWiki,http://rationalwiki.org/wiki/Main_Page,leftcenter07,HIGH
Real News Network,http://therealnews.com/t2/,left11,HIGH
Religion News Service (RNS),http://religionnews.com,leftcenter07,HIGH
Republic World,http://www.republicworld.com/,leftcenter04,MIXED
Reveal – Center for Investigative Reporting,https://www.revealnews.org/,leftcenter11,HIGH
Right Web,http://rightweb.irc-online.org,leftcenter05,HIGH
Roanoke Times,http://www.roanoke.com/,leftcenter10,HIGH
Rolling Stone,http://www.rollingstone.com/,leftcenter02,HIGH
Roosevelt Institute,http://rooseveltinstitute.org/,leftcenter06,HIGH
Rudaw,http://rudaw.net/english,leftcenter08,HIGH
Sacramento Bee,http://www.sacbee.com/,leftcenter07,HIGH
Salt Lake Tribune,http://www.sltrib.com/,leftcenter08,HIGH
San Antonio Express-News,http://www.mysanantonio.com/,leftcenter09,HIGH
San Diego Free Press,https://sandiegofreepress.org/,leftcenter03,HIGH
San Diego Reader,https://www.sandiegoreader.com,leftcenter04,HIGH
San Francisco Chronicle,http://www.sfchronicle.com/,leftcenter04,HIGH
San Francisco Examiner,http://www.sfexaminer.com,leftcenter05,HIGH
San Francisco Globe,https://sfglobe.com/,leftcenter07,MIXED
San Jose Mercury News,http://www.mercurynews.com/,leftcenter05,HIGH
Santa Barbara Independent,http://www.independent.com/,leftcenter06,HIGH
The Santa Fe New Mexican,http://www.santafenewmexican.com,leftcenter10,HIGH
Saudi Gazette,http://saudigazette.com.sa,leftcenter10,HIGH
ScoopWhoop,https://www.scoopwhoop.com,leftcenter01,MIXED
Scroll.in,https://scroll.in/,leftcenter08,HIGH
Seattle Post-Intelligencer,http://www.seattlepi.com/,leftcenter05,HIGH
Seattle Times,http://www.seattletimes.com/,leftcenter04,HIGH
Second Nexus,http://secondnexus.com/,leftcenter03,MIXED
Sentencing Project,https://www.sentencingproject.org/,leftcenter03,HIGH
SFGate,http://www.sfgate.com/,leftcenter04,HIGH
Shame Project,http://shameproject.com/,leftcenter06,HIGH
Sky News,http://news.sky.com/,leftcenter06,HIGH
Sojourners (Soho),https://sojo.net/,leftcenter06,HIGH
SooToday.com,https://www.sootoday.com/,leftcenter05,HIGH
Southern Poverty Law Center,https://www.splcenter.org/,leftcenter07,HIGH
Special Broadcasting Service (SBS),http://www.sbs.com.au/,leftcenter10,HIGH
Spiegel Online,http://www.spiegel.de/international/,leftcenter07,HIGH
Star-Ledger,http://www.nj.com/starledger/,leftcenter04,HIGH
Staten Island Advance,http://www.silive.com/,leftcenter07,HIGH
StepFeed,https://stepfeed.com,leftcenter02,MIXED
St. Louis Post-Dispatch,http://www.stltoday.com/,leftcenter08,HIGH
Stocks News Daily,http://stocksnewsdaily.com/,leftcenter03,MIXED
StopFake,http://www.stopfake.org/,leftcenter06,HIGH
St. Paul Pioneer Press,http://www.twincities.com/,leftcenter10,HIGH
Stuff,https://www.stuff.co.nz/,leftcenter09,HIGH
SWI – Swissinfo.ch,https://www.swissinfo.ch/,leftcenter10,HIGH
Syrian Observatory for Human Rights (SOHR),http://www.syriahr.com/en/,leftcenter04,HIGH
Tablet Magazine,http://www.tabletmag.com/,leftcenter04,HIGH
Tax Justice Network,https://www.taxjustice.net/,leftcenter07,HIGH
Tax Policy Center,http://www.taxpolicycenter.org,leftcenter10,HIGH
TechCrunch,https://techcrunch.com,leftcenter04,HIGH
Techdirt,https://www.techdirt.com,leftcenter04,HIGH
Texas Monthly,https://www.texasmonthly.com,leftcenter06,HIGH
The Sun Magazine,http://thesunmagazine.org/,leftcenter03,HIGH
Tampa Bay Times,http://www.tampabay.com/,leftcenter07,HIGH
The Age (Australia),http://www.theage.com.au/,leftcenter06,HIGH
The Automatic Earth,https://www.theautomaticearth.com/,leftcenter09,HIGH
The Baffler,https://thebaffler.com/,leftcenter05,HIGH
The Budapest Beacon,https://budapestbeacon.com/,leftcenter03,HIGH
The Century Foundation,https://tcf.org/,leftcenter02,HIGH
The Christian Left,http://www.thechristianleft.org/,leftcenter03,HIGH
The Citizen,https://www.thecitizen.org.au,leftcenter07,HIGH
The Council of Canadians,https://canadians.org/,leftcenter05,HIGH
The Courier-Journal,http://www.courier-journal.com/,leftcenter08,HIGH
The Daily Climate,http://www.dailyclimate.org/,leftcenter06,HIGH
The Daily Tarheel,http://www.dailytarheel.com/,leftcenter06,HIGH
The Economic Times,http://economictimes.indiatimes.com/,leftcenter10,HIGH
The European Council on Foreign Relations (ECFR),http://www.ecfr.eu/,leftcenter04,HIGH
The Fifth Column,http://thefifthcolumnnews.com/,leftcenter03,MIXED
The Forward,http://forward.com/,leftcenter06,HIGH
The Guardian,https://www.theguardian.com/us,leftcenter04,HIGH
The Herald (Everett),http://www.heraldnet.com/,leftcenter10,HIGH
The Hill,http://thehill.com/,leftcenter10,HIGH
The Hindu,http://newsite.thehindu.com/,leftcenter10,HIGH
The Independent,http://www.independent.co.uk/us,leftcenter03,HIGH
The Intercept,https://theintercept.com/,leftcenter01,HIGH
(The) Interpreter Magazine,http://www.interpretermag.com/,leftcenter10,HIGH
The Irish Times,http://www.irishtimes.com/,leftcenter10,HIGH
The Irrawaddy,http://www.irrawaddy.com/,leftcenter05,HIGH
The Jerusalem Report,http://www.jpost.com/Jerusalem-Report,leftcenter06,HIGH
The Journal News,http://www.lohud.com/,leftcenter06,HIGH
The Korea Times,http://www.koreatimes.co.kr,leftcenter05,MIXED
The Local (Norway),http://www.thelocal.no/,leftcenter06,HIGH
The Monthly (Australia),https://www.themonthly.com.au/,leftcenter07,HIGH
The Nation Institute,http://www.nationinstitute.org/,leftcenter04,HIGH
The Nevada Independent,https://thenevadaindependent.com,leftcenter05,HIGH
The New Arab,https://www.alaraby.co.uk/english,leftcenter04,HIGH
The News-Times (Danbury),https://www.newstimes.com/,leftcenter08,HIGH
The News Tribune,http://www.thenewstribune.com/,leftcenter08,HIGH
The New Tropic,https://thenewtropic.com,leftcenter04,HIGH
The Next Web,https://thenextweb.com,leftcenter09,HIGH
The Observer (UK),https://www.theguardian.com/observer,leftcenter05,HIGH
The Olympian,http://www.theolympian.com,leftcenter07,HIGH
The Oslo Times,http://www.theoslotimes.com/,leftcenter06,HIGH
The Patriot-News,http://www.pennlive.com/,leftcenter11,HIGH
The Plain Dealer,http://www.cleveland.com/plaindealer/,leftcenter06,HIGH
The Press Democrat,http://www.pressdemocrat.com,leftcenter09,HIGH
The Pulse,http://pulsegulfcoast.com/,leftcenter03,HIGH
The Oslo Times,http://www.theoslotimes.com/,leftcenter06,HIGH
The Record (New Jersey),http://www.northjersey.com/,leftcenter08,HIGH
The Ringer,https://www.theringer.com,leftcenter06,HIGH
The Saturday Paper,https://www.thesaturdaypaper.com.au/,leftcenter04,HIGH
The State,http://www.thestate.com/,leftcenter06,HIGH
The Stranger,http://www.thestranger.com/,leftcenter01,HIGH
The Sun Magazine,http://thesunmagazine.org/,leftcenter03,HIGH
The Sydney Morning Herald,http://www.smh.com.au/,leftcenter05,HIGH
The Tab,https://thetab.com/,leftcenter06,HIGH
The Trace,https://www.thetrace.org,leftcenter07,HIGH
The Tyee,https://thetyee.ca/,leftcenter03,HIGH
The Varsity,https://thevarsity.ca/,leftcenter09,HIGH
The Verge,http://www.theverge.com/,leftcenter05,HIGH
The Virginian-Pilot,http://pilotonline.com/,leftcenter11,HIGH
The Week,http://theweek.com/,leftcenter05,HIGH
The Wilderness Society,http://wilderness.org/,leftcenter07,HIGH
The Wire – India,https://thewire.in/,leftcenter10,HIGH
The Zero Hour,http://www.thisisthezerohour.com/,leftcenter03,HIGH
Thomson Reuters Foundation,http://news.trust.org/,leftcenter10,HIGH
Time Magazine,http://time.com/,leftcenter01,HIGH
Times-Colonist,http://www.timescolonist.com/,leftcenter05,HIGH
Times Headline,http://www.timesheadline.com,leftcenter07,MIXED
Times of Israel,http://www.timesofisrael.com/,leftcenter08,HIGH
The Times-Picayune,http://www.nola.com/#/0,leftcenter04,HIGH
Timeline,https://timeline.com,leftcenter11,HIGH
TomDispatch.com,http://www.tomdispatch.com/,leftcenter05,HIGH
To Inform is to Influence,https://toinformistoinfluence.com/,leftcenter06,HIGH
Toronto Star,https://www.thestar.com/,leftcenter01,HIGH
UAWire,https://uawire.org/,leftcenter05,MIXED
Unicorn Riot,http://www.unicornriot.ninja/,leftcenter02,HIGH
United Federation of Teachers (UFT),http://www.uft.org/,leftcenter05,HIGH
University Business,https://www.universitybusiness.com/,leftcenter10,HIGH
Urban Institute,http://www.urban.org/,leftcenter04,HIGH
US News World Report,http://www.usnews.com/,leftcenter10,HIGH
USA Today,http://www.usatoday.com/,leftcenter09,HIGH
Utah Public Radio (UPR),http://upr.org,leftcenter11,HIGH
Vancouver Sun,http://vancouversun.com/,leftcenter07,HIGH
Vice News,https://www.vice.com/,leftcenter02,MIXED
VoteVets.org,http://www.votevets.org/,leftcenter05,HIGH
Vulture,http://www.vulture.com,leftcenter04,HIGH
Wall Street on Parade,http://wallstreetonparade.com/,leftcenter03,HIGH
Washington Blade,http://www.washingtonblade.com/,leftcenter03,HIGH
Washington Post,https://www.washingtonpost.com/,leftcenter03,HIGH
WGN News,http://wgntv.com/,leftcenter10,HIGH
Windsor Star,http://windsorstar.com/,leftcenter07,HIGH
Wings Over Scotland,https://wingsoverscotland.com,leftcenter02,HIGH
Wired Magazine,https://www.wired.com/,leftcenter05,HIGH
WNYC,http://www.wnyc.org/,leftcenter07,HIGH
World Affairs Journal,http://www.worldaffairsjournal.org/,leftcenter10,HIGH
WorldCrunch,https://www.worldcrunch.com/,leftcenter07,HIGH
World Policy Institute,http://www.worldpolicy.org/,leftcenter04,HIGH
Xinhua News Agency,http://www.xinhuanet.com/english/home.htm,leftcenter05,MIXED
Yahoo News,https://www.yahoo.com/news/?ref=gs,leftcenter04,MIXED
YnetNews,http://www.ynetnews.com/,leftcenter04,HIGH
York Daily Record,http://www.ydr.com/,leftcenter11,HIGH
Youth Radio,https://youthradio.org/,leftcenter08,HIGH
680 News,http://www.680news.com/,leastbiased031,HIGH
ABC News Australia,http://www.abc.net.au/news/,leastbiased021,HIGH
ABS-CBN News,http://news.abs-cbn.com/,leastbiased011,HIGH
AFP (Agence France Presse),https://www.afp.com/en/home,leastbiased011,HIGH
Africa News,http://www.africanews.com/,leastbiased041,HIGH
Agerpres,https://www.agerpres.ro/english,leastbiased051,HIGH
Ahram Online,http://english.ahram.org.eg/,leastbiased041,HIGH
Airwars,https://airwars.org/,leastbiased051,HIGH
Al Arabiya,https://english.alarabiya.net/,leastbiased031,HIGH
Al Bawaba,http://www.albawaba.com/,leastbiased031,HIGH
Al Majalla,http://eng.majalla.com/,leastbiased021,HIGH
Alabama Political Reporter,http://www.alreporter.com,leastbiased071,HIGH
Alabama Today,https://altoday.com/,leastbiased041,HIGH
Albany Democrat Herald,http://democratherald.com,leastbiased041,HIGH
Albuquerque Journal,https://www.abqjournal.com/,leastbiased011, HIGH
AllGov,http://www.allgov.com,leastbiased051,VERY
Alliance for Securing Democracy,http://securingdemocracy.gmfus.org/,leastbiased081,HIGH
American Heritage,http://www.americanheritage.com,leastbiased071,HIGH
Amnesty International,https://www.amnesty.org/en/,leastbiased011,HIGH
Anthropocene Magazine,http://www.anthropocenemagazine.org/,leastbiased021,VERY HIGH
APTN News,http://aptnnews.ca/aptn-national-news/,leastbiased021,HIGH
Arizona Capitol Times,https://azcapitoltimes.com/,leastbiased051,HIGH
Asian News International (ANI),https://www.aninews.in,leastbiased071,HIGH
Asia Times,http://www.atimes.com/,leastbiased021,HIGH
Asharq Al-Awsat,http://english.aawsat.com/,leastbiased071,HIGH
Associated Press,https://apnews.com/,leastbiased011,VERY
Atlantic Council,http://www.atlanticcouncil.org/,leastbiased091,HIGH
The Australian Financial Review,http://www.afr.com/,leastbiased081,HIGH
Ballotpedia,https://ballotpedia.org/Main_Page,leastbiased051,VERY HIGH
The Bangkok Post,http://www.bangkokpost.com/,leastbiased011,HIGH
Battlefords News Optimist,http://www.newsoptimist.ca,leastbiased041,HIGH
Bbarta24,http://en.bbarta24.net/,leastbiased031,HIGH
The Belfer Center for Science and International Affairs,http://www.belfercenter.org/,leastbiased071,HIGH
Bellingcat,https://www.bellingcat.com/,leastbiased061, HIGH
Better Government Association,http://www.bettergov.org/,leastbiased011,HIGH
BDNews24,http://bdnews24.com/,leastbiased021,HIGH
Big News Network,https://www.bignewsnetwork.com,leastbiased031,MIXED
Big Think,http://bigthink.com/,leastbiased041,VERY HIGH
Bismarck Tribune,http://bismarcktribune.com,leastbiased071,HIGH
BNO News,http://bnonews.com/,leastbiased031,HIGH
Bridge Magazine,http://www.bridgemi.com,leastbiased041,HIGH
Brief.News,http://www.brief.news/,leastbiased051,HIGH
Bulletin of the Atomic Scientists,http://thebulletin.org/,leastbiased011,VERY HIGH
Bullshido,http://www.bullshido.net/,leastbiased031,HIGH
Burnett County Sentinel,http://www.burnettcountysentinel.com,leastbiased031,MIXED
Business 2 Community,http://www.business2community.com/,leastbiased041,HIGH
Canadian Public Affairs Channel (CPAC),http://www.cpac.ca/,leastbiased051,HIGH
Cape Cod Times,http://www.capecodtimes.com,leastbiased021,HIGH
Capitol Fax,https://capitolfax.com,leastbiased031,HIGH
Carnegie Endowment for International Peace,http://carnegieendowment.org/,leastbiased011,VERY HIGH
Casper Star-Tribune,http://trib.com,leastbiased071,HIGH
Castanet,http://www.castanet.net/,leastbiased021,HIGH
Center for Advanced Defense Studies,http://c4ads.org/,leastbiased071,VERY HIGH
Center for Democracy and Technology,https://cdt.org,leastbiased041,HIGH
Center for Global Development,http://www.cgdev.org/,leastbiased021,VERY HIGH
Center for Inquiry,http://www.centerforinquiry.net/,leastbiased051,VERY HIGH
Center for a New American Security,http://www.cnas.org/,leastbiased021,HIGH
Center for Public Integrity,https://www.publicintegrity.org/,leastbiased031,VERY HIGH
Center for Responsive Politics (Open Secrets),http://www.opensecrets.org/,leastbiased051,VERY HIGH
Center for Strategic and International Studies,https://www.csis.org/,leastbiased021,VERY HIGH
China Daily,http://www.chinadaily.com.cn/,leastbiased021,HIGH
China Global Television Network (CGTN),https://news.cgtn.com,leastbiased041,HIGH
Chinook Observer,http://www.chinookobserver.com,leastbiased021,HIGH
Christian Science Monitor,http://www.csmonitor.com/,leastbiased021,HIGH
City and State New York,http://cityandstateny.com/,leastbiased031,High
Committee for Economic Development,https://www.ced.org/,leastbiased091,HIGH
Committee for a Responsible Federal Budget,http://crfb.org/,leastbiased071,VERY HIGH
Committee to Protect Journalists,https://www.cpj.org/,leastbiased041,VERY HIGH
Concord Monitor,http://www.concordmonitor.com,leastbiased021,HIGH
Conflict News,http://www.conflict-news.com/,leastbiased091,HIGH
Congress.gov,https://www.congress.gov/,leastbiased051,VERY HIGH
Congressional Budget Office (CBO),https://www.cbo.gov/,leastbiased051,VERY HIGH
Anthropocene Magazine,http://www.anthropocenemagazine.org/,leastbiased021,VERY HIGH
Consortium News,https://consortiumnews.com/,leastbiased011,HIGH
Constitution Daily,https://constitutioncenter.org,leastbiased071,HIGH
Constitution Project,http://www.constitutionproject.org/,leastbiased071,HIGH
Consumerist,https://consumerist.com/,leastbiased031,HIGH
Consumer Reports,https://www.consumerreports.org,leastbiased051,HIGH
Cook Political Report,http://cookpolitical.com/,leastbiased041,HIGH
Countable News,http://blog.countable.us/,leastbiased021,HIGH
Courthouse News Service,https://www.courthousenews.com,leastbiased051,HIGH
CP24,https://www.cp24.com/,leastbiased031,HIGH
Crimeola,https://crimeola.com,leastbiased051,HIGH
C-Span,http://www.c-span.org/,leastbiased051,VERY HIGH
Daily Business Review,http://www.dailybusinessreview.com/,leastbiased081,HIGH
Daily Journal (Illinois),http://www.daily-journal.com,leastbiased071,HIGH
Daily Journal (Missouri),https://dailyjournalonline.com,leastbiased031,HIGH
Daily Record,http://www.dailyrecord.com/,leastbiased021,HIGH
Darien Times,http://www.darientimes.com/,leastbiased041,HIGH
Dayton Daily News,https://www.daytondailynews.com,leastbiased011,HIGH
Defense One,http://www.defenseone.com/,leastbiased061,HIGH
The Des Moines Register,http://www.desmoinesregister.com/,leastbiased021,HIGH
DifferenceBetween.net,http://www.differencebetween.net,leastbiased061,VERY HIGH
Digital Journal,http://www.digitaljournal.com,leastbiased041,HIGH
Doctors Without Borders,http://www.doctorswithoutborders.org,leastbiased051,HIGH
DPA German Press Agency,http://www.dpa-international.com/,leastbiased031,HIGH
Eagle Tribune,http://www.eagletribune.com/,leastbiased071,HIGH
Earth Institute,http://earth.columbia.edu/sections/view/9,leastbiased041,HIGH
EJ Insight (EJI),http://www.ejinsight.com/,leastbiased011,HIGH
Elko Daily Free Press,https://elkodaily.com/,leastbiased071,HIGH
Erie Times-News,http://www.goerie.com,leastbiased021,HIGH
ERR News (Estonia Public Broadcasting),http://news.err.ee,leastbiased071,HIGH
Eurasia Group,http://www.eurasiagroup.net/,leastbiased031,HIGH
Eurasia Review,http://www.eurasiareview.com,leastbiased021,HIGH
Euronews,http://www.euronews.com/,leastbiased021,HIGH
Every CRS Report,https://www.everycrsreport.com/,leastbiased061,VERY HIGH
FactCheck,http://www.factcheck.org/,leastbiased051,VERY HIGH
FactsCan,http://factscan.ca/,leastbiased051,VERY HIGH
Factwire News Agency,https://www.factwire.org/english,leastbiased051,HIGH
Fair Observer,https://www.fairobserver.com,leastbiased031,HIGH
Federal News Radio,https://federalnewsradio.com,leastbiased051,HIGH
Federal Times,http://www.federaltimes.com/,leastbiased061,HIGH
Financial Express,http://www.financialexpress.com/,leastbiased081,HIGH
Financial Times,https://www.ft.com/,leastbiased071,HIGH
First Draft News,https://firstdraftnews.org/,leastbiased031,HIGH
Foreign Affairs,https://www.foreignaffairs.com/,leastbiased101,HIGH
Foreign Policy,http://foreignpolicy.com/,leastbiased091,HIGH
Freedom From Religion Foundation (FFRF),https://ffrf.org/,leastbiased051,HIGH
Free Wheel Media,https://freewheelus.com,leftcenter06,HIGH
Full Fact (UK),https://fullfact.org/,leastbiased011,VERY HIGH
Gallup,http://www.gallup.com/home.aspx,leastbiased041,VERY HIGH
Gears of Biz,http://gearsofbiz.com/,leastbiased021,HIGH
GBTimes,https://gbtimes.com,leastbiased041,HIGH
Government Executive,http://www.govexec.com/,leastbiased021,HIGH
GovTrack,https://www.govtrack.us/,leastbiased061,VERY HIGH
Global Integrity,http://www.globalintegrity.org/,leastbiased071,HIGH
Global Slavery Index,https://www.globalslaveryindex.org,leastbiased051,VERY
Globe Gazette (Iowa),http://globegazette.com,leastbiased031,HIGH
GoodNewsNetwork,http://www.goodnewsnetwork.org/,leastbiased071,HIGH
Grabien News,https://news.grabien.com/index.php,leastbiased031,MIXED 
Harvard Business Review,https://hbr.org,leastbiased031,HIGH
Harvard Gazette,http://news.harvard.edu/gazette/,leastbiased021,HIGH
Harvard Political Review,http://harvardpolitics.com/,leastbiased021,HIGH
Hastings Tribune,http://www.hastingstribune.com,leastbiased041,HIGH
Healthcare Finance News,http://www.healthcarefinancenews.com/,leastbiased051,HIGH
Herald & Review (Illinois),https://herald-review.com,leastbiased081,HIGH
Hoax Slayer,http://www.hoax-slayer.com/,leastbiased061,VERY HIGH
Homeland Security News Wire,http://www.homelandsecuritynewswire.com,leastbiased071,HIGH
I24 News,http://www.i24news.tv/,leastbiased071,HIGH
ICitizen,https://icitizen.com,leastbiased031,HIGH
Idaho Statesman,http://www.idahostatesman.com,leastbiased031,HIGH
iMediaEthics,https://www.imediaethics.org,leastbiased021,HIGH
Independent Record (Montana),http://helenair.com,leastbiased071,HIGH
Independent Voter Network (IVN),https://ivn.us/,leastbiased021,HIGH
India Today,http://indiatoday.intoday.in/,leastbiased021,HIGH
Institute for Women’s Policy Research (IWPR),https://iwpr.org,leastbiased021,HIGH
Investigative Reporters and Editors,https://www.ire.org/,leastbiased051,VERY HIGH
International Consortium of Investigative Journalists,https://www.icij.org/,leastbiased021,VERY HIGH
International Energy Agency (IEA),https://www.iea.org/,leastbiased011,HIGH
International Organization,http://journals.cambridge.org/action/displayIssue?jid=INO&tab=currentissue,leastbiased071,VERY HIGH
International Press Institute,http://www.freemedia.at/,leastbiased051,VERY HIGH
International Rescue Committee (IRC),https://www.rescue.org/,leastbiased031,HIGH
Investopedia,http://www.investopedia.com/,leastbiased051,HIGH
Jackson Sun,https://www.jacksonsun.com,leastbiased081,HIGH
IHS Janes 360,http://www.janes.com/,leastbiased071,HIGH
Japan Times,https://www.japantimes.co.jp/,leastbiased071,HIGH
Jewish Telegraphic Agency (JTA),http://www.jta.org,leastbiased071,HIGH
JStor Daily,http://daily.jstor.org/,leastbiased051,VERY HIGH
Just Security,https://www.justsecurity.org/,leastbiased031,HIGH
Kaiser Family Foundation,http://kff.org/,leastbiased021,HIGH
Knowhere,https://knowherenews.com,leastbiased051,HIGH
Know Your Meme,http://knowyourmeme.com/,leastbiased051,HIGH
Knoxville News Sentinel,https://www.knoxnews.com,leftcenter06,HIGH
Lead Stories,https://leadstories.com/,leastbiased041,VERY
Le Devoir,http://www.ledevoir.com/,leastbiased071,HIGH
Lima Charlie News,https://limacharlienews.com,leastbiased081,HIGH
Lincoln Journal Star,http://journalstar.com/,leastbiased041,HIGH
ListVerse,http://listverse.com/,leastbiased031,HIGH
Lompoc Record,http://lompocrecord.com/,leastbiased071,HIGH
Longview News-Journal,https://www.news-journal.com,leastbiased081,HIGH
MakeUseOf,https://www.makeuseof.com/,leastbiased041,HIGH
Malaysia Today,http://www.malaysia-today.net/,leastbiased081,MIXED
Maplight,http://maplight.org/,leastbiased041,VERY HIGH
MarketWatch,http://www.marketwatch.com/,leastbiased061,HIGH
McClatchyDC,http://www.mcclatchydc.com/,leastbiased021,HIGH
MediaShift,http://mediashift.org/,leastbiased021,HIGH
Memeorandum,http://www.memeorandum.com/,leastbiased021,MIXED
Mental Floss,http://mentalfloss.com/,leastbiased041,HIGH
MercoPress,http://en.mercopress.com/,leastbiased051,HIGH
Merion West,http://merionwest.com/,leastbiased101,HIGH
Metabunk,https://www.metabunk.org/,leastbiased031,HIGH
Military.com,http://www.military.com/,leastbiased091,HIGH
Missoulian,http://missoulian.com/,leastbiased031,HIGH
MLive (Michigan – Booth Newspapers),http://www.mlive.com/,leastbiased051,HIGH
Montana Standard,http://mtstandard.com,leastbiased031,HIGH
Napa Valley Register,http://napavalleyregister.com,leastbiased081,HIGH
National Bureau of Economic Research (NBER),http://www.nber.org/,leastbiased071,HIGH
National Institute on Money in State Politics,https://www.followthemoney.org/,leastbiased021,HIGH
National Journal,https://www.nationaljournal.com/,leastbiased021,HIGH
NationMaster,http://www.nationmaster.com,leastbiased051,VERY
New America,https://www.newamerica.org/,leastbiased031,HIGH
New Bern Sun Journal,http://www.newbernsj.com/,leastbiased021,HIGH
News24 (South Africa),http://www.news24.com/,leastbiased081,HIGH
Newsela,https://newsela.com/,leastbiased031,HIGH
News Lookup,http://www.newslookup.com,leastbiased051,HIGH
NewsNow (UK),http://www.newsnow.co.uk/h/,leastbiased031,MIXED
New Zealand Herald,http://www.nzherald.co.nz,leastbiased071,HIGH
Next Avenue,http://www.nextavenue.org/,leastbiased011,HIGH
NextGov,http://www.nextgov.com/,leastbiased041,HIGH
NHK World,https://www3.nhk.or.jp/nhkworld/,leastbiased041,HIGH
Niskanen Center,https://niskanencenter.org,leastbiased011,HIGH
NK News,https://www.nknews.org,leastbiased021,HIGH
Noozhawk,https://www.noozhawk.com/,leastbiased021,HIGH
North Korea Times,http://www.northkoreatimes.com,leastbiased031,MIXED
Northwest Indiana Times,http://www.nwitimes.com,leastbiased081,HIGH
Novinite,http://www.novinite.com/,leastbiased021,HIGH
No Labels,https://www.nolabels.org/,leastbiased031,HIGH
OneEighty,http://180report.com/,leastbiased051,MIXED
Open the Government,http://www.openthegovernment.org/,leastbiased031,HIGH
Oyez Project,https://www.oyez.org,leastbiased051,VERY
Pacific Daily News,https://www.guampdn.com/,leastbiased031,HIGH
Patch,https://patch.com/,leastbiased041,HIGH
Patheos,http://www.patheos.com/,leastbiased051,MIXED
Pensacola News Journal,https://www.pnj.com,leastbiased021,HIGH
Peterson Foundation,http://www.pgpf.org/,leastbiased071,HIGH
Peterson Institute for International Economics,https://piie.com/,leastbiased081,HIGH
Pew Research,http://www.pewresearch.org/,leastbiased051,VERY HIGH
Places Journal,https://placesjournal.org/,leastbiased031,VERY HIGH
Political Storm,http://www.politicalstorm.com/,leastbiased101,HIGH
Politifact,http://www.politifact.com/,leastbiased021,HIGH
Polygraph.info,http://www.polygraph.info/,leastbiased041,VERY HIGH
Poynter Institute,http://www.poynter.org/,leastbiased021,VERY HIGH
PR Newswire,http://prnewswire.mediaroom.com/,leastbiased051,HIGH
ProCon.org,https://www.procon.org/,leastbiased041,HIGH
Project on Government Oversight,http://pogo.org/,leastbiased021,VERY HIGH
Project Syndicate,https://www.project-syndicate.org/,leastbiased041,HIGH
Public Policy Polling (PPP),http://www.publicpolicypolling.com/,leastbiased061,VERY HIGH
Public Religion Research Institute (PRRI),http://www.prri.org/,leastbiased081,VERY HIGH
Parallax News (PXW),http://parallax.news/,leastbiased061,HIGH
Quad City Times,http://qctimes.com/,leastbiased021,HIGH
Radio Free Europe / Radio Liberty,https://www.rferl.org,leastbiased041,HIGH
Rand Corporation,https://www.rand.org,leastbiased021,HIGH
Rapid City Journal,http://rapidcityjournal.com,leastbiased031,HIGH
Recode,https://www.recode.net/,leastbiased051,HIGH
Relevant Magazine,https://relevantmagazine.com,leastbiased091,HIGH
Reporters Lab,http://reporterslab.org/,leastbiased051,VERY HIGH
Reporters Without Borders,https://rsf.org/en,leastbiased011,HIGH
Represent.Us,https://represent.us/,leastbiased011,HIGH
Reuters,http://www.reuters.com/,leastbiased031,VERY HIGH
RiverBender.com,https://www.riverbender.com/,leastbiased041,HIGH
Roll Call,http://www.rollcall.com/,leastbiased021,VERY HIGH
RTE (Radio Television of Ireland),https://www.rte.ie,leastbiased031,HIGH
Russian Media Monitor,http://www.russialies.com,leastbiased011,HIGH
San Diego Union Tribune,http://www.sandiegouniontribune.com/,leastbiased011,HIGH
Santa Maria Times,http://santamariatimes.com,leastbiased081,HIGH
Sarasota Herald-Tribune,http://www.heraldtribune.com/,leastbiased031,HIGH
Sayfie Review,http://www.sayfiereview.com/,leastbiased051,HIGH
Science Debate,http://sciencedebate.org/,leastbiased031,VERY HIGH
Scoopnest,http://www.scoopnest.com/,leastbiased051,HIGH
SCOTUSblog,http://www.scotusblog.com/,leastbiased031,HIGH
Shareably,http://www.shareably.net/,leastbiased061,HIGH
Shorenstein Center,https://shorensteincenter.org/,leastbiased031,HIGH
Simple Politics,http://www.simplepolitics.co.uk,leastbiased061,HIGH
Sioux City Journal,http://siouxcityjournal.com/,leastbiased021,HIGH
SmartNews,https://www.smartnews.com/en/,leastbiased021,MIXED
Snopes,http://www.snopes.com/,leastbiased031,HIGH
South Bend Tribune,https://www.southbendtribune.com/,leastbiased021,HIGH
South China Morning Post,http://www.scmp.com/,leastbiased021,HIGH
Spectrum News – NY1,http://www.ny1.com/nyc/all-boroughs,leastbiased031,HIGH
Spectrum Report,http://spectrumreport.com,leastbiased051,MIXED
St. Cloud Times,http://www.sctimes.com/,leastbiased021,HIGH
Stars and Stripes,https://www.stripes.com/,leastbiased061,HIGH
Stat (News),https://www.statnews.com/,leastbiased021,HIGH
Stimson Center,http://stimson.org/,leastbiased051,HIGH
Stock News USA,https://stocknewsusa.com,leastbiased021,HIGH
StrategyPage,https://www.strategypage.com,leastbiased081,HIGH
Stratfor,https://www.stratfor.com/,leastbiased031,HIGH
Sunlight Foundation,http://sunlightfoundation.com/,leastbiased051,VERY HIGH
Taipei Times,http://www.taipeitimes.com/,leastbiased021,HIGH
Taiwan News,https://www.taiwannews.com.tw/,leastbiased021,HIGH
Task and Purpose,http://taskandpurpose.com/,leastbiased021,HIGH
Texas Standard,http://www.texasstandard.org/,leastbiased041,HIGH
Texas Tribune,https://www.texastribune.org/,leastbiased041,HIGH
That’s Nonsense,http://www.thatsnonsense.com/,leastbiased051,HIGH
The Auburn Citizen,http://auburnpub.com/,leastbiased031,HIGH
The Balance,https://www.thebalance.com,leastbiased021,HIGH
The Baxter Bulletin,https://www.baxterbulletin.com,leastbiased041,HIGH
The Bureau of Investigative Journalism,https://www.thebureauinvestigates.com/,leastbiased021,HIGH
The Canadian Press,http://www.thecanadianpress.com/,leastbiased021,HIGH
The China Post,http://www.chinapost.com.tw/,leastbiased031,HIGH
The Chronicle of Higher Education,http://www.chronicle.com/,leastbiased041,High
The Cipher Brief,https://www.thecipherbrief.com/,leastbiased071,HIGH
The Conversation,https://theconversation.com/us,leastbiased021,HIGH
The Day (New London),http://www.theday.com,leastbiased031,HIGH
The Daily Gazette,https://dailygazette.com,leastbiased021,HIGH
The Daily News (Longview),https://tdn.com,leastbiased011,HIGH
The Daily News (Longview),https://tdn.com,leastbiased011,HIGH
The Daily Northwestern,https://dailynorthwestern.com,leastbiased021,HIGH
The Daily Progress,http://www.dailyprogress.com,leastbiased041,HIGH
The Defcon Warning System,https://www.defconwarningsystem.com,leastbiased071,HIGH
The Diplomat Magazine,http://thediplomat.com/,leastbiased061,HIGH
The Economist,http://www.economist.com/,leastbiased071,HIGH
The Elkhart Truth,http://www.elkharttruth.com,leastbiased041,HIGH
The Fake News Codex,http://www.fakenewscodex.com/,leastbiased051,HIGH
The Herald Journal (Utah),https://news.hjnews.com/,leastbiased061,HIGH
The Herald-Sun (Durham North Carolina),https://www.heraldsun.com,leastbiased011,HIGH
The Humanist Magazine,https://thehumanist.com/,leastbiased011,HIGH
The Indian Express,http://indianexpress.com/,leastbiased031,HIGH
The Jakarta Post,http://www.thejakartapost.com/,leastbiased041,HIGH
The Jerusalem Post,http://www.jpost.com/,leastbiased031,HIGH
The Jordan Times,http://www.jordantimes.com/,leastbiased021,HIGH
Journal Gazette & Times-Courier,https://www.opensecrets.org/orgs/totals.php?id=D000052990&cycle=2014,leastbiased031,HIGH
TheJournal.ie,http://www.thejournal.ie/,leastbiased021,HIGH
The Knife,http://theknifemedia.com/,leastbiased071,HIGH
The Marshall Project,https://www.themarshallproject.org/#.qjbbuljBK,leastbiased031,HIGH
The Meme Policeman,http://memepoliceman.com/,leastbiased081,HIGH
The Middle East in London,http://www.soas.ac.uk/lmei/meil/,leastbiased091,HIGH
The Moderate Voice,http://themoderatevoice.com/,leastbiased031,HIGH
The Morning Call,http://www.mcall.com,leastbiased031,HIGH
The News (Mexico City),http://www.thenews.mx/,leastbiased031,HIGH
The News International,https://www.thenews.com.pk/,leastbiased021,HIGH
The News Literacy Project,http://www.thenewsliteracyproject.org/,leastbiased051,HIGH
The Observatory,https://observatory.journalism.wisc.edu/,leastbiased031,HIGH
The Outlook (Monmouth University),http://outlook.monmouth.edu/,leastbiased021,HIGH
The Pantagraph,http://www.pantagraph.com/,leastbiased031,HIGH
The Phnom Penh Post,http://www.phnompenhpost.com/,leastbiased041,HIGH
The Post and Courier,http://www.postandcourier.com/,leastbiased081,HIGH
The Post Star,http://poststar.com,leastbiased071,HIGH
The Scotsman,http://www.scotsman.com,leastbiased031,HIGH
The Sentinel (Pennsylvania),http://cumberlink.com,leastbiased031,HIGH
The Skimm,http://www.theskimm.com/,leastbiased021,HIGH
The Sociable,https://sociable.co/,leastbiased031,HIGH
The Southern Illinoisan,http://thesouthern.com,leastbiased081,HIGH
The Star Democrat,http://www.stardem.com,leastbiased021,HIGH
The Strategy Bridge,https://thestrategybridge.org,leastbiased081,HIGH
The Swedish Wire,http://www.swedishwire.com/,leastbiased021,HIGH
The Times (Illinois),http://www.mywebtimes.com,leastbiased061,HIGH
The Times and Democrat,http://thetandd.com,leastbiased011,HIGH
Times of India,http://timesofindia.indiatimes.com/,leastbiased041,HIGH
The TruthSetter,https://truthsetter.com,leastbiased071,HIGH
The Whim,http://www.thewhim.com/,leastbiased041,HIGH
TheWrap,https://www.thewrap.com,leastbiased041,MIXED
Third Way,http://www.thirdway.org/,leastbiased021,HIGH
ThoughtCo,https://www.thoughtco.com,leastbiased051,VERY HIGH
Times-News (Idaho),http://magicvalley.com/,leastbiased031,HIGH
Times of San Diego,http://timesofsandiego.com/,leastbiased021,HIGH
Today I Found Out,http://www.todayifoundout.com/,leastbiased051,HIGH
Transparency International,https://www.transparency.org/,leastbiased051,VERY HIGH
Transpartisan Review,http://www.transpartisanreview.com/,leastbiased031,HIGH
Tribune News Service,https://tribunecontentagency.com/tribune-news-service/,leastbiased031,HIGH
True Viral News,http://trueviralnews.com/,leastbiased071,HIGH
Truth Be Told,http://truthbetold.news/,leastbiased031,HIGH
TruthOrFiction.com,https://www.truthorfiction.com/,leastbiased051,VERY HIGH
Turkey and Facts (Dogruluk Payi),https://turkeyandfacts.com/,leastbiased051,VERY HIGH
TVW Washington State,http://www.tvw.org/,leastbiased051,HIGH
Undark,https://undark.org,leastbiased031,HIGH
United Press International (UPI),http://www.upi.com/,leastbiased091,HIGH
United States House of Representatives (House.gov),https://www.house.gov/,leastbiased051,VERY 
US Government Accountability Office (GAO),https://www.gao.gov,leastbiased051,HIGH
USA Facts,http://www.usafacts.org/,leastbiased051,VERY HIGH
USA Spending,https://www.usaspending.gov/,leastbiased051,VERY HIGH
Utah Standard-Examiner,http://www.standard.net/,leastbiased071,HIGH
Vera Files,http://verafiles.org,leastbiased031,VERY
Viral Thread,http://www.viralthread.com/,leastbiased021,MIXED
Vocativ,http://www.vocativ.com/,leastbiased021,HIGH
Voice of America,http://www.voanews.com/,leastbiased031,HIGH
Voice of San Diego,http://www.voiceofsandiego.org/,leastbiased011,HIGH
Vos Iz Neias,https://www.vosizneias.com,leastbiased031,HIGH
Vote Smart,http://votesmart.org/,leastbiased051,HIGH
War on the Rocks,http://warontherocks.com/,leastbiased011,HIGH
Washington Journal,https://www.c-span.org/WJ,leastbiased031,HIGH
The Waterloo-Cedar Falls Courier,http://wcfcourier.com,leastbiased031,HIGH
We Are The Mighty,http://www.wearethemighty.com/,leastbiased091,HIGH
WikiNews,https://en.wikinews.org/wiki/Main_Page,leastbiased041,HIGH
Wikipedia,https://www.wikipedia.org/,leastbiased051,HIGH
WikiTribune,https://www.wikitribune.com,leastbiased041,HIGH
Winona Daily News,http://www.winonadailynews.com,leastbiased031,HIGH
WION (World is One News),http://www.wionews.com/,leastbiased031,MIXED
Wisconsin State Journal,http://host.madison.com/wsj/,leastbiased041,HIGH
Woodrow Wilson International Center for Scholars,https://www.wilsoncenter.org/,leastbiased031,VERY HIGH
World Economic Forum,https://www.weforum.org/,leastbiased021,HIGH
World News,http://wn.com/,leastbiased071,HIGH
World Politics Review,http://www.worldpoliticsreview.com/,leastbiased101,HIGH
World Press Review,http://worldpress.org/,leastbiased041,VERY HIGH
World Resources Institute (WRI),http://www.wri.org/,leastbiased031,VERY-HIGH
WRAL,http://www.wral.com/,leastbiased031,HIGH
ZDF (Zweites Deutsches Fernsehen),https://www.zdf.de/,leastbiased011,HIGH
9 News (Australia),http://www.9news.com.au/,rightcenter122,HIGH
71 Republic,https://71republic.com/,rightcenter031,HIGH
AL.com (Alabama News),http://www.al.com/,rightcenter051,HIGH
American Action Forum,https://www.americanactionforum.org/,rightcenter04,HIGH
American Council on Science and Health,http://acsh.org/,rightcenter09,HIGH
American Firearms Institute,http://www.americanfirearms.org,rightcenter051,HIGH
American Foreign Policy Council (AFPC),http://www.afpc.org/,rightcenter08,HIGH
Americas Quarterly,http://www.americasquarterly.org/,rightcenter081,HIGH
Anti-War,http://antiwar.com/,rightcenter021,MIXED
Arab News,http://www.arabnews.com/,rightcenter08,HIGH
Arizona Republic,http://www.azcentral.com/,rightcenter06,HIGH
Arkansas Democrat-Gazette,http://www.arkansasonline.com/,rightcenter07,HIGH
Armstrong Economics,https://www.armstrongeconomics.com,rightcenter071,HIGH
Arutz Sheva (Israel National News),http://www.israelnationalnews.com/,rightcenter031,HIGH
Billings Gazette,http://billingsgazette.com,rightcenter112,HIGH
Bipartisan Policy Center,https://bipartisanpolicy.org,rightcenter091,HIGH
Boston Herald,http://www.bostonherald.com/,rightcenter09,HIGH
Breaking Defense,http://breakingdefense.com/,rightcenter051,HIGH
Breakthrough Institute,https://thebreakthrough.org,rightcenter101,HIGH
Calgary Sun,http://www.calgarysun.com/,rightcenter05,HIGH
California Political Review,http://www.capoliticalreview.com/,rightcenter041,HIGH
Campaign for Liberty,http://campaignforliberty.org/,rightcenter011,MIXED
Canadian Jewish News (CJN),http://www.cjnews.com/,rightcenter081,HIGH
Canadian Taxpayers Federation,http://www.taxpayer.com/,rightcenter031,HIGH
Cato Institute,http://www.cato.org/,rightcenter01,HIGH
Center for a Stateless Society,https://c4ss.org/,rightcenter03,HIGH
Center for the National Interest,http://cftni.org/,rightcenter08,HIGH
Check Your Fact,http://checkyourfact.com/,rightcenter091,HIGH
Chicago Tribune,http://www.chicagotribune.com/,rightcenter091,HIGH
Christianity Today,http://www.christianitytoday.com/,rightcenter112,HIGH
Cincinnati Enquirer,http://www.cincinnati.com/,rightcenter08,HIGH
Circa News,http://circa.com/,rightcenter112,HIGH
Colorado Springs Gazette,http://gazette.com/,rightcenter06,HIGH
Columbia Daily Herald,http://www.columbiadailyherald.com/,rightcenter091,HIGH
Columbus Dispatch,http://www.dispatch.com/,rightcenter08,HIGH
Communities Digital News,http://www.commdiginews.com/,rightcenter06,HIGH
Competitive Enterprise Institute,https://cei.org/,rightcenter01,HIGH
Council on Foreign Relations,http://www.cfr.org/,rightcenter09,HIGH
Daily Herald,http://www.dailyherald.com/,rightcenter101,HIGH
Daily Press,http://www.dailypress.com/,rightcenter112,HIGH
Daily Telegraph,http://www.telegraph.co.uk/,rightcenter07,HIGH
Dallas Morning News,http://www.dallasnews.com/,rightcenter06,HIGH
Deccan Chronicle,https://www.deccanchronicle.com/,rightcenter041,HIGH
Deseret News,http://www.deseretnews.com/,rightcenter03,HIGH
Desert Sun,http://www.desertsun.com/,rightcenter12,HIGH
Detroit News,http://www.detroitnews.com/,rightcenter06,HIGH
de Volkskrant,https://www.volkskrant.nl/,rightcenter091,HIGH
Downsizing the Federal Government,https://www.downsizinggovernment.org,rightcenter031,HIGH
Duluth News Tribune,https://www.duluthnewstribune.com,rightcenter091,HIGH
The EC Journal,https://www.theecjournal.com/,rightcenter101,MIXED
Edmonton Sun,http://www.edmontonsun.com/,rightcenter03,HIGH
Ethics and Public Policy Center (EPPC),https://eppc.org/,rightcenter031,HIGH
Faith Family America,http://www.faithfamilyamerica.com,rightcenter051,HIGH
Financial Post,http://www.financialpost.com/,rightcenter081,HIGH
FitsNews,https://www.fitsnews.com/,rightcenter051,HIGH
Florida Times-Union,http://jacksonville.com/,rightcenter08,HIGH
Forbes,http://www.forbes.com/,rightcenter041,MIXED
Foreign Policy Initiative,http://www.foreignpolicyi.org/,rightcenter061,HIGH
Foreign Policy Research Institute,http://www.fpri.org/,rightcenter08,VERY HIGH
Fortnightly Review,http://fortnightlyreview.co.uk/,rightcenter031,HIGH
Fortune Magazine,http://fortune.com/,rightcenter10,HIGH
Fort Bend Herald,http://www.fbherald.com/,rightcenter051,HIGH
Fort Worth Star-Telegram,http://www.star-telegram.com/,rightcenter08,HIGH
Foundation for Economic Education,https://fee.org/,rightcenter06,HIGH
Franklin Center for Government and Public Integrity,http://franklincenterhq.org/,rightcenter031,MIXED
Fraser Institute,https://www.fraserinstitute.org/,rightcenter051,HIGH
Freedom House,https://freedomhouse.org/,rightcenter08,HIGH
Grand Rapids Press,http://www.mlive.com/grand-rapids/#/0,rightcenter05,HIGH
Group of Thirty,http://group30.org/,rightcenter112,HIGH
Gulf News,http://gulfnews.com/,rightcenter08,HIGH
Guns.com,http://www.guns.com,rightcenter081,HIGH
Herald-Sun,http://www.heraldsun.com.au/,rightcenter07,HIGH
Heterodox Academy,https://heterodoxacademy.org,rightcenter101,HIGH
High Point Enterprise,http://www.hpenews.com/,rightcenter081,HIGH
The Hindu Business Line,http://www.thehindubusinessline.com/,rightcenter112,HIGH
Honest Reporting,http://honestreporting.com/,rightcenter08,HIGH
Hoover Institution,http://www.hoover.org/,rightcenter05,MIXED
Human Progress,http://humanprogress.org/,rightcenter02,MIXED
In Homeland Security,https://inhomelandsecurity.com,rightcenter091,HIGH
InsideSources,http://www.insidesources.com,rightcenter061,HIGH
Institute for Humane Studies,https://theihs.org/,rightcenter112,HIGH
Irish Independent,http://www.independent.ie/,rightcenter07,HIGH
Israel Hayom,http://www.israelhayom.com/site/today.php,rightcenter05,HIGH
ITV News,http://www.itv.com/news/,rightcenter10,HIGH
Japan Today,https://www.japantoday.com/,rightcenter112,HIGH
Jewish Breaking News,http://jewishbreakingnews.com,rightcenter061,MIXED
Jewish News Syndicate (JNS),https://www.jns.org,rightcenter051,HIGH
Just Facts,http://www.justfacts.com/,rightcenter061,HIGH
Just Facts Daily,http://www.justfactsdaily.com/,right111,HIGH
Korea Herald,http://www.koreaherald.com/,rightcenter101,MIXED
KUTV Salt Lake City,http://kutv.com/,rightcenter081,HIGH
Las Vegas Review-Journal,http://www.reviewjournal.com/,rightcenter06,HIGH
Learn Liberty,http://www.learnliberty.org/,rightcenter101,HIGH
Lexington Institute,http://lexingtoninstitute.org/,rightcenter10,HIGH
Liberty Viral,https://libertyviral.com/,rightcenter051,HIGH
London Broadcasting Company (LBC),http://www.lbc.co.uk,rightcenter011,MIXED
London Evening Standard,http://www.standard.co.uk/,rightcenter031,HIGH
London Free Press,http://www.lfpress.com/,rightcenter112,MIXED
Los Angeles Daily News,http://www.dailynews.com/,rightcenter122,HIGH
Lynx Media,https://lynx.media/,rightcenter112,MIXED
Mackinac Center for Public Policy,http://www.mackinac.org/,rightcenter08,HIGH
Manhattan Institute for Policy Research,http://www.manhattan-institute.org/,rightcenter08,HIGH
The Manila Times,http://www.manilatimes.net/news/,rightcenter081,HIGH
Military Times,http://www.militarytimes.com/,rightcenter10,HIGH
Mises Daily,https://mises.org/,rightcenter02,MIXED
MyNorthwest,http://mynorthwest.com,rightcenter061,HIGH
National Affairs Magazine,https://www.nationalaffairs.com,rightcenter091,HIGH
National Interest,http://nationalinterest.org/,rightcenter122,HIGH
National Post,http://www.nationalpost.com/index.html,rightcenter05,HIGH
Netherlands Radio and Television Association (NOS),https://nos.nl,rightcenter112,HIGH
New York Post,http://nypost.com/,rightcenter01,MIXED
News-Gazette,http://www.news-gazette.com/,rightcenter101,HIGH
News Heist,http://newsheist.com/,rightcenter061,MIXED
Newsline,https://newsline.com/,rightcenter061,MIXED
News Rescue,http://newsrescue.com/,rightcenter071,HIGH
NTD.TV (New Tang Dynasty),http://www.ntd.tv/,rightcenter041,HIGH
Odessa American,http://www.oaoa.com,rightcenter081,HIGH
Oil Price,http://oilprice.com/,rightcenter101,HIGH
Omaha World-Herald,http://www.omaha.com/,rightcenter08,HIGH
Orange County Register,http://www.ocregister.com/,rightcenter07,HIGH
Oregonian,http://www.oregonlive.com/#/0,rightcenter06,HIGH
Orlando Sentinel,http://www.orlandosentinel.com/,rightcenter08,HIGH
Ottawa Citizen,http://ottawacitizen.com/,rightcenter081,HIGH
Pacific Research Institute,http://www.pacificresearch.org/home/,rightcenter09,HIGH
Peninsula Daily News,http://www.peninsuladailynews.com/,rightcenter10,HIGH
Pittsburgh Post-Gazette,http://www.post-gazette.com/,rightcenter112,HIGH
Pittsburgh Tribune Review,http://triblive.com/,rightcenter08,HIGH
PolicyEd,https://www.policyed.org/,rightcenter021,HIGH
Post-Bulletin,http://www.postbulletin.com/,rightcenter122,HIGH
PunchingBag Post,http://punchingbagpost.com/,rightcenter05,HIGH
Quillette,http://quillette.com/,rightcenter071,HIGH
R Street Institute,http://www.rstreet.org/,rightcenter081,HIGH
Rare News,http://rare.us/,rightcenter09,HIGH
Rasmussen Reports,http://www.rasmussenreports.com/,rightcenter112,HIGH
Reagan Battalion,http://www.thereaganbattalion.com,rightcenter011,MIXED
Real Clear Defense,http://www.realcleardefense.com/,rightcenter08,HIGH
Real Clear Investigations,http://www.realclearinvestigations.com/,rightcenter031,MIXED
Real Clear Policy,http://www.realclearpolicy.com/,rightcenter091,HIGH
Real Clear Politics,http://www.realclearpolitics.com/,rightcenter09,HIGH
RealClearReligion,https://www.realclearreligion.org,rightcenter091,HIGH
Reason,http://reason.com/,rightcenter04,HIGH
Red River Valley News,http://www.valleynewslive.com/,rightcenter10,HIGH
Regulation Magazine,http://www.cato.org/regulation/,rightcenter02,MIXED
Remington Research Group,https://remingtonresearchgroup.com,rightcenter122,HIGH
Richmond Times-Dispatch,http://www.richmond.com/,rightcenter08,HIGH
RT News,https://www.rt.com/news/,rightcenter051,MIXED
Russia Insider,http://russia-insider.com/en,rightcenter01,MIXED
Russian News Agency-TASS,http://tass.com/,rightcenter081,HIGH
Salem Radio Network News (SRN News),http://www.srnnews.com/,rightcenter101,HIGH
San Bernardino Sun,https://www.sbsun.com,rightcenter091,HIGH
Saskatoon StarPhoenix,http://thestarphoenix.com/,rightcenter061,HIGH
Savannah Morning News,http://savannahnow.com/,rightcenter081,HIGH
SOFREP,https://sofrep.com/,rightcenter071,HIGH
South Florida Sun-Sentinel,http://www.sun-sentinel.com/,rightcenter10,HIGH
The Spokesman-Review,http://www.spokesman.com/,rightcenter12,HIGH
Sputnik News,http://sputniknews.com/,rightcenter04,MIXED
Fort Worth Star-Telegram,http://www.star-telegram.com/,rightcenter08,HIGH
Statesman Journal,http://www.statesmanjournal.com/,rightcenter10,HIGH
Strategic Culture Foundation,http://www.strategic-culture.org/,rightcenter071,HIGH
Student Daily News,https://www.studentnewsdaily.com/,rightcenter071,HIGH
Swarajya,https://swarajyamag.com/,rightcenter071,HIGH
Tallahassee Democrat,http://www.tallahassee.com/,rightcenter112,HIGH
Tampa Tribune,http://www.tbo.com/,rightcenter05,HIGH
Tax Foundation,http://taxfoundation.org/,rightcenter112,VERY HIGH
Tharawat Magazine,http://www.tharawat-magazine.com/#gs.a9CcWpc,rightcenter10,HIGH
The Algemeiner Journal,https://www.algemeiner.com/,rightcenter04,HIGH
The American Conservative,http://www.theamericanconservative.com/,rightcenter07,HIGH
The American Interest,http://www.the-american-interest.com/,rightcenter07,HIGH
The Augusta Chronicle,http://chronicle.augusta.com/,rightcenter011,HIGH
The Australian,http://www.theaustralian.com.au/,rightcenter06,HIGH
The Chronicle Herald,http://thechronicleherald.ca/,rightcenter071,MIXED
The Courier Mail,http://www.couriermail.com.au/,rightcenter041,HIGH
The Daily Citizen (Dalton),http://www.daltondailycitizen.com/,rightcenter112,HIGH
The Epoch Times,http://www.theepochtimes.com/,rightcenter051,HIGH
The Fiscal Times,http://www.thefiscaltimes.com/,rightcenter07,HIGH
The Gazette (Cedar Rapids),http://www.thegazette.com/,rightcenter071,HIGH
The Globe and Mail,http://www.theglobeandmail.com/,rightcenter112,HIGH
The Independent Review,http://www.independent.org/,rightcenter12,HIGH
The Jack News,https://www.thejacknews.com,rightcenter091,HIGH
The Jamestown Foundation,http://www.jamestown.org/,rightcenter07,HIGH
The Japan News,http://the-japan-news.com/,rightcenter10,HIGH
The Jewish Press,http://www.jewishpress.com/,rightcenter091,HIGH
The Libertarian Republic,http://thelibertarianrepublic.com/,rightcenter04,HIGH
The Nation Pakistan,http://nation.com.pk/,rightcenter051,HIGH
The National (UAE),http://www.thenational.ae/,rightcenter09,HIGH
The New Atlantis,http://www.thenewatlantis.com/,rightcenter091,HIGH
The News Lens,https://international.thenewslens.com/,rightcenter112,HIGH
The Objective Standard,https://www.theobjectivestandard.com,rightcenter031,HIGH
The Oklahoman,http://www.oklahoman.com/live,rightcenter07,HIGH
The Press-Enterprise,http://www.pe.com/,rightcenter07,HIGH
The Quint,https://www.thequint.com/,rightcenter071,MIXED
The Smoking Gun,http://www.thesmokinggun.com/,rightcenter112,HIGH
The Spectator (UK),http://www.spectator.co.uk/,rightcenter01,HIGH
The Straits Times,http://www.straitstimes.com/global,rightcenter081,HIGH
The Tennessean,http://www.tennessean.com/,rightcenter07,HIGH
The Times Herald (Port Huron),https://www.thetimesherald.com,rightcenter091,HIGH
The West Australian,https://thewest.com.au/,rightcenter061,HIGH
The Times of London,http://www.thetimes.co.uk/,rightcenter07,HIGH
Times News (Pennsylvania),https://www.tnonline.com,rightcenter112,HIGH
Times of South Africa (Times Live),https://www.timeslive.co.za/,rightcenter031,MIXED
Toledo Blade,http://www.toledoblade.com/,rightcenter122,HIGH
Topeka Capital-Journal,http://www.cjonline.com/,rightcenter112,HIGH
Tulsa World,http://www.tulsaworld.com/,rightcenter071,HIGH
ValueWalk,http://www.valuewalk.com/,rightcenter071,HIGH
Wall Street Journal,http://www.wsj.com/,rightcenter07,HIGH
Washington Babylon,http://washingtonbabylon.com,rightcenter031,HIGH
Washington Times,http://www.washingtontimes.com/,rightcenter01,HIGH
Watchdog.org,http://watchdog.org/,rightcenter031,MIXED
Waterbury Republican-American,http://www.rep-am.com/,rightcenter06,HIGH
WestMonster,http://www.westmonster.com/,rightcenter061,HIGH
Wichita Eagle,http://www.kansas.com/,rightcenter122,HIGH
WikiLeaks,https://www.wikileaks.org/,rightcenter05,MIXED
Williamsport Sun-Gazette,http://www.sungazette.com/,rightcenter081,HIGH
Winston-Salem Journal,http://www.journalnow.com/,rightcenter08,HIGH
1600 Daily,https://www.whitehouse.gov/1600daily,right051,MIXED
2ndVote,https://2ndvote.com/,right021,MIXED
Acculturated,https://acculturated.com,right061,HIGH
Accuracy in Academia (AIA),https://www.academia.org,right031,MIXED
Accuracy in Media (AIM),http://www.aim.org/,right011,MIXED
Acting Man,http://www.acting-man.com/,right061,MIXED
Against Crony Capitialism,https://www.ac2news.com,right061,MIXED
Alpha News,http://alphanewsmn.com/,right061,MIXED
Allen B. West,http://www.allenbwest.com/,right02,MIXED
AltNewsMedia.net,https://altnewsmedia.net,right061,HIGH
American Center for Law and Justice (ACLJ),https://aclj.org/,right011,MIXED
American Consequences,https://americanconsequences.com,right061,MIXED
American Enterprise Institute,https://www.aei.org/,right09,MIXED
American Greatness,https://amgreatness.com,right081,MIXED
Americans for Prosperity,http://americansforprosperity.org,right021,MIXED
American Legislative Exchange Council (ALEC),https://www.alec.org,right061,MIXED
American Liberty Report,http://www.americanlibertyreport.com,right051,MIXED
American Military News,https://americanmilitarynews.com,right041,HIGH
American News 24/7,https://www.americandailynews.org/,right011,MIXED
American News Hub,https://www.americanewshub.com,right031,MIXED
American Spectator,http://spectator.org/,right051,HIGH
American Thinker,http://www.americanthinker.com/,right041,MIXED
American Web Media (AWM),http://awm.com/,right111,MIXED
Ammoland,http://www.ammoland.com/,right061,HIGH
Anadolu Agency,https://www.aa.com.tr/en,right061,MIXED
Arizona Daily Independent,https://arizonadailyindependent.com,right061,MIXED
Assyrian International News Agency,http://www.aina.org/aboutaina.html,right081,MIXED
Bearing Arms,https://bearingarms.com/,right041,MIXED
Being Libertarian,https://beinglibertarian.com/,right071, HIGH
Beliefnet,http://www.beliefnet.com,right091,MIXED
Big Government News,http://biggovernment.news/index.html,right03,MIXED
Big League Politics,http://bigleaguepolitics.com/,right031,MIXED
Bizpac Review,http://www.bizpacreview.com/,right02,MIXED
Blue Lives Matter,http://bluelivesmatter.blue/,right06,HIGH
BrexitCentral,http://brexitcentral.com,right051,MIXED
Cambridge Analytica,https://ca-political.com,right051,MIXED
Campaign Life Coalition,http://www.campaignlifecoalition.com/,right01,MIXED
Campus Reform,https://www.campusreform.org,right071,MIXED
Capital Research Center,https://capitalresearch.org/,right061,MIXED
Chicks on the Right,http://www.chicksontheright.com/,right06,MIXED
Christian News Alerts,https://www.christiannewsalerts.com,right011,MIXED
Christian Post,http://www.christianpost.com/,right06,MIXED
Chronicles Magazine (Rockford),https://www.chroniclesmagazine.org/,right031,MIXED
Church Militant,https://www.churchmilitant.com/,right011,MIXED
Citizen Free Press,https://www.citizenfreepress.com,right041,MIXED
Citizens United,http://citizensunited.org/index.aspx,right07,MIXED
City Journal,http://www.city-journal.org/,right06,HIGH
Civitas Institute,https://www.nccivitas.org/,right021,MIXED
Clear Politics,https://www.clear-politics.com/,right011,MIXED
Cold Dead Hands,http://www.colddeadhands.us/,right04,MIXED
Commentary Magazine,https://www.commentarymagazine.com/,right06,HIGH
Conservative Base,https://conservativebase.com/,right011,MIXED
Conservative Daily News,http://www.conservativedailynews.com/,right021, MIXED
Conservatives Here,https://www.conservativeshere.com/,right011,MIXED
Conservative HQ,http://www.conservativehq.com/,right021,MIXED
Conservative Institute,https://www.conservativeinstitute.org,right081,HIGH
ConservativeOpinion.com,https://conservativeopinion.com/,right031,MIXED
Conservative Outfitters,https://www.conservativeoutfitters.com/blogs/news,extremeright03,MIXED
Conservative Review,https://www.conservativereview.com/,right06,MIXED
Conservative Today,https://conservativetoday.com,right011,MIXED
Controversial Times,http://controversialtimes.com/,right01,MIXED
Cowger Nation,http://cowgernation.com/,right011,MIXED
Crime Prevention Research Center,http://crimeresearch.org/,right03,MIXED
Crisis Magazine,http://www.crisismagazine.com/,right041,MIXED
CSC Mediagroup USA,http://www.cscmediagroupus.com/,right011,HIGH
Daily Caller,http://dailycaller.com/,right05,MIXED
Daily Express,http://www.express.co.uk/,right07,MIXED
The Daily Liberator,http://www.thedailyliberator.com/,right061, MIXED
Daily Mail,http://www.dailymail.co.uk/ushome/index.html,right06,MIXED
Daily Sabah,http://www.dailysabah.com/,right08,MIXED
Daily Signal,http://dailysignal.com/,right021,MIXED
Daily Surge,http://dailysurge.com/,right031,MIXED
Dangerous,https://www.dangerous.com,right011,MIXED
DC Statesman,http://www.dcstatesman.com/,right02,MIXED
DC Whispers,http://dcwhispers.com/,right021,MIXED
Debate Post,http://debatepost.com/,right111,HIGH
Deplorables Report,https://deplorablesreport.com,right061,MIXED
Disobedient Media,http://disobedientmedia.com/,right061,MIXED
Drudge Report,http://www.drudgereport.com/,right02,MIXED
EconomicPolicyJournal.com,http://www.economicpolicyjournal.com,right061,HIGH
Energy Citizens,https://energycitizens.org/,right041,MIXED
Ethics & Religious Liberty Commission (ERLC),http://erlc.com/,right031,MIXED
Facts and Logic About the Middle East (FLAME),http://factsandlogic.org/,right031, MIXED
FaithWire,http://www.faithwire.com,right041,MIXED
Family Security Matters,http://www.familysecuritymatters.org/,extremeright05,MIXED
Far Left Watch,https://farleftwatch.com,right021,HIGH
Federalist Press,http://federalistpress.com/,right01,MIXED
Federalist Society,https://fedsoc.org/,right051,MIXED
First in Freedom Daily,http://firstinfreedomdaily.com/,right031,MIXED
First Things Magazine,https://www.firstthings.com,right071,MIXED
Fox News,http://www.foxnews.com/,right06,MIXED
Freedom Crossroads,http://freedomcrossroads.com/,right051,MIXED
Freedom Works,http://www.freedomworks.org/,right05,MIXED
Free Republic,http://www.freerepublic.com,right041,MIXED
Free West Media,http://freewestmedia.com/,right051,MIXED
Frontiers of Freedom,https://www.ff.org,right061,MIXED
Foundation for Defense of Democracies,http://www.defenddemocracy.org,right091,HIGH
Future in America,http://www.futureinamerica.com/news,right01,MIXED
Gatestone Institute,https://www.gatestoneinstitute.org/,right031,MIXED
Get Religion,https://www.getreligion.org/,right051,MIXED
GOP.com,https://www.gop.com/,right061,MIXED
GOPUSA,http://www.gopusa.com/,right021,MIXED
Government Accountability Institute,http://www.g-a-i.org/,right02,MIXED
Guerrilla News,https://www.guerrilla.news,right011,MIXED
Guido Fawkes,https://order-order.com,right021,MIXED
Heartland Institute,https://www.heartland.org/,right02,MIXED
Heat Street,http://heatst.com/,right06,MIXED
Heritage Foundation,http://www.heritage.org/,right02,MIXED
HermanCain.com,https://www.hermancain.com/,right021,MIXED
Hillary Daily,https://hillarydaily.com/,right071,MIXED
Hot Air,http://hotair.com/,right051,HIGH
Hudson Institute,http://www.hudson.org/,right08,HIGH
Human Events,http://humanevents.com/,right05,MIXED
Imprimis (Hillsdale College),https://imprimis.hillsdale.edu,right061,MIXED
Independent Journal Review,https://ijr.com/,right05,HIGH
Independent Sentinel,http://www.independentsentinel.com/,right021,HIGH
Independent Women’s Forum (IWF),http://iwf.org/,right061,MIXED
Illinois Policy Institute,https://www.illinoispolicy.org/,right101,HIGH
Intellectual Takeout,http://www.intellectualtakeout.org/,right051,MIXED
I Bleed Red White and Blue,http://ibleedredwhiteblue.com/,right041,MIXED
iPatriot,http://ipatriot.com,right061,MIXED
Institute for Family Studies,https://ifstudies.org,right071,MIXED
Investors Business Daily,http://www.investors.com/,right031,MIXED
Jewish Policy Center,https://www.jewishpolicycenter.org/,right101,HIGH
Jewish World Review,http://www.jewishworldreview.com/,right051,MIXED
Judicial Crisis Network,https://judicialnetwork.com/,right031,MIXED
Kansas Policy Institute (KPI),https://kansaspolicy.org,right051,MIXED
Keep and Bear,https://keepandbear.com,right031,HIGH
Knox Report,http://knoxreport.com/,right01,MIXED
Legal Insurrection,http://legalinsurrection.com/,right061,MIXED
Liberty Hangout,http://libertyhangout.org/,right07,MIXED
Liberty Headlines,http://www.libertyheadlines.com/,right021,MIXED
Liberty Nation,https://www.libertynation.com,right021,MIXED
Liberty News,http://libertynews.com/,right011, MIXED
LibertyTalk.FM,http://libertytalk.fm/,extremeright04,MIXED
Life and About,https://lifeandabout.com/,right011,MIXED
Life Decisions International,http://fightpp.org,right041,MIXED
Life News,http://www.lifenews.com/,right011,MIXED
Life Site News,https://www.lifesitenews.com/,extremeright05,MIXED
LifeZette,http://www.lifezette.com/,right06,MIXED
Lone Conservative,https://loneconservative.com,right061,MIXED
Lyin’ Comey,https://www.lyincomey.com/,right021,MIXED
Louder With Crowder,http://louderwithcrowder.com/,right011,MIXED
Manchester Union Leader,http://www.unionleader.com/,right11,MIXED
Media Circus,https://www.mediacircus.com/,right011,MIXED
Media Equalizer,https://mediaequalizer.com/,right021,MIXED
Media Research Center (MRC),http://www.mrc.org/,right03,MIXED
Mehr News Agency,https://en.mehrnews.com,right071,MIXED
Mercatornet,https://www.mercatornet.com,right031,HIGH
National Center for Public Policy Research (NCPPR),http://www.nationalcenter.org/,right031,MIXED
National Review,http://www.nationalreview.com/,right051,MIXED
National Rifle Association (NRA),https://home.nra.org/,right011,MIXED
New Boston Post,http://newbostonpost.com,right061,MIXED
Newsbusters,http://www.newsbusters.org/,right011,MIXED
Newsmax,http://www.newsmax.com/,right051,MIXED
New Revolution Now,http://www.newrevolutionnow.org/,right081,HIGH
New York Observer,http://observer.com/,right101,HIGH
Next News Network,http://nextnewsnetwork.com/,right01,MIXED
Not Liberal,http://notliberal.com,right021,MIXED
NTK Network,https://ntknetwork.com,right041,MIXED
Numbers USA,https://www.numbersusa.com/,right021,MIXED
Offended America,http://offendedamerica.com/,right021,MIXED
Offgrid Survival,https://offgridsurvival.com/,right021,MIXED
One America News Network,http://www.oann.com/,right021,MIXED
OneNewsNow,http://www.onenewsnow.com/,right02,MIXED
Ontario Proud,https://www.ontarioproud.ca,right061,HIGH
OpsLens,http://www.opslens.com/,right011,MIXED
Patriot News Daily,http://patriotnewsdaily.com/,right011,MIXED
PatriotRetort.com,http://patriotretort.com,right031,MIXED
PJ Media,https://pjmedia.com/,right06,MIXED
Policy Review,http://www.hoover.org/publications/policy-review,right08,HIGH
Political Insider,http://www.thepoliticalinsider.com/,right02,MIXED
Politichicks,http://politichicks.com/,right01,MIXED
PoliticsNote,http://politicsnote.com,right011,MIXED
Politifeed,http://politifeed.net,right011,MIXED
Politisite,http://politi.site,right061,HIGH
Populist Wire,https://www.populistwire.com,right031,MIXED
Power Line,http://www.powerlineblog.com/,right06,HIGH
Project Veritas,http://projectveritas.com/,right01,MIXED
Proud Conservatives,http://conservativesus.party,right011,MIXED
Public Interest Legal Foundation,https://publicinterestlegal.org/,right071,MIXED
Quadrant Magazine,https://quadrant.org.au,right041,MIXED
Reader’s Digest,https://www.rd.com,right101,MIXED
Red Alert Politics,http://redalertpolitics.com/,right07,MIXED
Red Flag News,http://www.redflagnews.com/,right011, MIXED
Regated News,https://regated.com/,right02,MIXED
RenewedRight.com,https://renewedright.com,right021,MIXED
Resistance Media,http://www.resistancemedia.org/,extremeright061, MIXED
Restore American Glory,http://www.restoreamericanglory.com/,right051,HIGH
Richochet,https://ricochet.com,right051,MIXED
Ron Paul Liberty Report,http://www.ronpaullibertyreport.com/,right091,MIXED
Save Jersey,https://savejersey.com,right061,HIGH
Secure America Now,http://www.secureamericanow.org/,right08,MIXED
Sentinel KSMO,https://sentinelksmo.org,right031,MIXED
Silence is Consent,http://silenceisconsent.net/,right01,MIXED
Sinclair Broadcast Group,http://sbgi.net/,right071,MIXED
Sonoran News,http://sonorannews.com/,right061,MIXED
Spiked Magazine,http://spiked-online.com/,right091,MIXED
Standpoint Magazine,http://www.standpointmag.co.uk,right021,MIXED
Tasnim News Agency,https://www.tasnimnews.com/en,right051,MIXED
Tea Party News (The Point),http://www.westernjournalism.com/thepoint/,right011,MIXED
Tea Party Patriots,http://www.teapartypatriots.org/,right101,HIGH
Tea Party Tribune,http://www.teapartytribune.com/,right031, HIGH
Tehran Times,http://www.tehrantimes.com,right081,MIXED
The Advertiser,http://www.adelaidenow.com.au/,right011,MIXED
The American Cause,http://www.theamericancause.org/,right01,MIXED
The Blacksphere (Kevin Jackson),http://theblacksphere.net/,right03,MIXED
The Blaze,http://www.theblaze.com/,right01,MIXED
The California Republican,http://carepublican.com,right051,HIGH
The Citizen Press,https://thecitizenpress.com,right051,MIXED
The College Fix,http://www.thecollegefix.com/,right031,MIXED
The Conservative Nut,https://www.theconservativenut.gop,right081,MIXED
The Conservative Woman,https://www.conservativewoman.co.uk,right011,MIXED
The Daily Defender,http://thedailydefender.com/,right041,MIXED
The Daily Telegraph (Australia),http://www.dailytelegraph.com.au/,right08,MIXED
The Daily Wire,http://www.dailywire.com/,right02,MIXED
The Federalist,http://thefederalist.com/,right04,HIGH
The Hayride,http://thehayride.com/,right031,HIGH
The Last Refuge (Conservative Treehouse),https://theconservativetreehouse.com/,right011,MIXED
The Millennial Review,https://themilreview.com/,right051,HIGH
The New American,http://www.thenewamerican.com/,right07,MIXED
The Newly Press,http://newlypress.com,right011,MIXED
The Patriot Post,https://patriotpost.us/,right051,MIXED
The Post and Email,http://www.thepostemail.com/,right01,MIXED
The Post Millennial,https://www.thepostmillennial.com,right071,HIGH
The RANTidote,http://therantidote.com/,right061,MIXED
The Real Strategy,https://therealstrategy.com/,right02,MIXED
The Rebel,http://www.therebel.media/,right02,MIXED
The Resurgent,http://theresurgent.com/,right041,MIXED
The Right Scoop,http://therightscoop.com/,right04,MIXED
The Ron Paul Institute,http://www.ronpaulinstitute.org/,right091,MIXED
The Sun,https://www.thesun.co.uk/,right05,MIXED
The Tennessee Star,http://tennesseestar.com/,right041,HIGH
The Truth About Guns,http://www.thetruthaboutguns.com/,right081, HIGH
Toronto Sun,http://www.torontosun.com/,right08,HIGH
Townhall,http://townhall.com/,right06,MIXED
Tribunist,http://tribunist.com/,right02,MIXED
TRT World,https://www.trtworld.com,right071,MIXED
Turning Point USA,https://www.turningpoint.news/,right021,MIXED
Twitchy,http://twitchy.com/,right01,MIXED
Unbiased America,http://www.unbiasedamerica.com/,right061, MIXED
Unity News Network,https://unitynewsnetwork.co.uk,right031,MIXED
UN Watch,https://www.unwatch.org,right051,MIXED
US Politics Info,https://uspoliticsinfo.com/,right011,MIXED
USA Politics Today,http://www.usapoliticstoday.com/,right031,MIXED
USSA News,http://ussanews.com,right021,MIXED
Vessel News,http://vesselnews.io/,right021,MIXED
VivaLiberty,http://www.vivaliberty.com/,right031,MIXED
Washington Examiner,http://www.washingtonexaminer.com/,right091,HIGH
Washington Free Beacon,http://freebeacon.com/,right03,MIXED
Weasel Zippers,http://www.weaselzippers.us/,right01,MIXED
Weekly Standard,http://www.weeklystandard.com/,right071,HIGH
Western Free Press,http://www.westernfreepress.com/,right011,MIXED
Western Journal,https://www.westernjournal.com/,right02,MIXED
Whatfinger,http://www.whatfinger.com/,right051,MIXED
World Net Daily (WND),http://www.wnd.com/,right02,MIXED
World Magazine,https://world.wng.org/,right061,MIXED
World Tribune,http://worldtribune.com/,right081,HIGH
YellowHammer News,http://yellowhammernews.com/,right10,HIGH
Young America’s Foundation (YAF),https://www.yaf.org,right071,HIGH
Young Conservatives,http://www.youngcons.com/,right011,MIXED